word,pagegid1,freq1,pagegid2,freq2,pagegid3,freq3,pagegid4,freq4,pagegid5,freq5,total
aaabb,6211,8
aaabbb,6211,1
aaabbbc,6211,1
aaabbbccc,6212,1,6211,1
aaabbc,6211,7
aaafb,7045,1
aaafc,1162,1
aaah,6614,1
aaai,2130,1,713,1,6874,1,5626,2,1164,4
aaainc,1098,2
aaal,1776,1
aaand,2047,1
aaanet,569,8,6088,1
aaaspolicyfellowship,8881,1

SUM(zn([Freq1])+zn([Freq2])+zn([Freq3])+zn([Freq4])+zn([Freq5]))
SUM(zn([Frequency0])+zn([Frequency1])+zn([Frequency2])+zn([Frequency3])+zn([Frequency4])+zn([Frequency5])+zn([Frequency6])+zn([Frequency7])+zn([Frequency8])+zn([Frequency9])+zn([Frequency10])+zn([Frequency11])+zn([Frequency12])+zn([Frequency13])+zn([Frequency14])+zn([Frequency15])+zn([Frequency16])+zn([Frequency17])+zn([Frequency18])+zn([Frequency19])+zn([Frequency20])+zn([Frequency21])+zn([Frequency22])+zn([Frequency23])+zn([Frequency24])+zn([Frequency25])+zn([Frequency26])+zn([Frequency27])+zn([Frequency28])+zn([Frequency29])+zn([Frequency30])+zn([Frequency31])+zn([Frequency32])+zn([Frequency33])+zn([Frequency34])+zn([Frequency35])+zn([Frequency36])+zn([Frequency37])+zn([Frequency38])+zn([Frequency39])+zn([Frequency40])+zn([Frequency41])+zn([Frequency42])+zn([Frequency43])+zn([Frequency44])+zn([Frequency45])+zn([Frequency46])+zn([Frequency47])+zn([Frequency48])+zn([Frequency49])+zn([Frequency50])+zn([Frequency51])+zn([Frequency52])+zn([Frequency53])+zn([Frequency54])+zn([Frequency55])+zn([Frequency56])+zn([Frequency57])+zn([Frequency58])+zn([Frequency59])+zn([Frequency60])+zn([Frequency61])+zn([Frequency62])+zn([Frequency63])+zn([Frequency64])+zn([Frequency65])+zn([Frequency66])+zn([Frequency67])+zn([Frequency68])+zn([Frequency69])+zn([Frequency70])+zn([Frequency71])+zn([Frequency72])+zn([Frequency73])+zn([Frequency74])+zn([Frequency75])+zn([Frequency76])+zn([Frequency77])+zn([Frequency78])+zn([Frequency79])+zn([Frequency80])+zn([Frequency81])+zn([Frequency82])+zn([Frequency83])+zn([Frequency84])+zn([Frequency85])+zn([Frequency86])+zn([Frequency87])+zn([Frequency88])+zn([Frequency89])+zn([Frequency90])+zn([Frequency91])+zn([Frequency92])+zn([Frequency93])+zn([Frequency94])+zn([Frequency95])+zn([Frequency96])+zn([Frequency97])+zn([Frequency98])+zn([Frequency99])+zn([Frequency100])+zn([Frequency101])+zn([Frequency102])+zn([Frequency103])+zn([Frequency104])+zn([Frequency105])+zn([Frequency106])+zn([Frequency107])+zn([Frequency108])+zn([Frequency109])+zn([Frequency110])+zn([Frequency111])+zn([Frequency112])+zn([Frequency113])+zn([Frequency114])+zn([Frequency115])+zn([Frequency116])+zn([Frequency117])+zn([Frequency118])+zn([Frequency119])+zn([Frequency120])+zn([Frequency121])+zn([Frequency122])+zn([Frequency123])+zn([Frequency124])+zn([Frequency125])+zn([Frequency126])+zn([Frequency127])+zn([Frequency128])+zn([Frequency129])+zn([Frequency130])+zn([Frequency131])+zn([Frequency132])+zn([Frequency133])+zn([Frequency134])+zn([Frequency135])+zn([Frequency136])+zn([Frequency137])+zn([Frequency138])+zn([Frequency139])+zn([Frequency140])+zn([Frequency141])+zn([Frequency142])+zn([Frequency143])+zn([Frequency144])+zn([Frequency145])+zn([Frequency146])+zn([Frequency147])+zn([Frequency148])+zn([Frequency149])+zn([Frequency150])+zn([Frequency151])+zn([Frequency152])+zn([Frequency153])+zn([Frequency154])+zn([Frequency155])+zn([Frequency156])+zn([Frequency157])+zn([Frequency158])+zn([Frequency159])+zn([Frequency160])+zn([Frequency161])+zn([Frequency162])+zn([Frequency163])+zn([Frequency164])+zn([Frequency165])+zn([Frequency166])+zn([Frequency167])+zn([Frequency168])+zn([Frequency169])+zn([Frequency170])+zn([Frequency171])+zn([Frequency172])+zn([Frequency173])+zn([Frequency174])+zn([Frequency175])+zn([Frequency176])+zn([Frequency177])+zn([Frequency178])+zn([Frequency179])+zn([Frequency180])+zn([Frequency181])+zn([Frequency182])+zn([Frequency183])+zn([Frequency184])+zn([Frequency185])+zn([Frequency186])+zn([Frequency187])+zn([Frequency188])+zn([Frequency189])+zn([Frequency190])+zn([Frequency191])+zn([Frequency192])+zn([Frequency193])+zn([Frequency194])+zn([Frequency195])+zn([Frequency196])+zn([Frequency197])+zn([Frequency198])+zn([Frequency199])+zn([Frequency200])+zn([Frequency201])+zn([Frequency202])+zn([Frequency203])+zn([Frequency204])+zn([Frequency205])+zn([Frequency206])+zn([Frequency207])+zn([Frequency208])+zn([Frequency209])+zn([Frequency210])+zn([Frequency211])+zn([Frequency212])+zn([Frequency213])+zn([Frequency214])+zn([Frequency215])+zn([Frequency216])+zn([Frequency217])+zn([Frequency218])+zn([Frequency219])+zn([Frequency220])+zn([Frequency221])+zn([Frequency222])+zn([Frequency223])+zn([Frequency224])+zn([Frequency225])+zn([Frequency226])+zn([Frequency227])+zn([Frequency228])+zn([Frequency229])+zn([Frequency230])+zn([Frequency231])+zn([Frequency232])+zn([Frequency233])+zn([Frequency234])+zn([Frequency235])+zn([Frequency236])+zn([Frequency237])+zn([Frequency238])+zn([Frequency239])+zn([Frequency240])+zn([Frequency241])+zn([Frequency242])+zn([Frequency243])+zn([Frequency244])+zn([Frequency245])+zn([Frequency246])+zn([Frequency247])+zn([Frequency248])+zn([Frequency249])+zn([Frequency250])+zn([Frequency251])+zn([Frequency252])+zn([Frequency253])+zn([Frequency254])+zn([Frequency255])+zn([Frequency256])+zn([Frequency257])+zn([Frequency258])+zn([Frequency259])+zn([Frequency260])+zn([Frequency261])+zn([Frequency262])+zn([Frequency263])+zn([Frequency264])+zn([Frequency265])+zn([Frequency266])+zn([Frequency267])+zn([Frequency268])+zn([Frequency269])+zn([Frequency270])+zn([Frequency271])+zn([Frequency272])+zn([Frequency273])+zn([Frequency274])+zn([Frequency275])+zn([Frequency276])+zn([Frequency277])+zn([Frequency278])+zn([Frequency279])+zn([Frequency280])+zn([Frequency281])+zn([Frequency282])+zn([Frequency283])+zn([Frequency284])+zn([Frequency285])+zn([Frequency286])+zn([Frequency287])+zn([Frequency288])+zn([Frequency289])+zn([Frequency290])+zn([Frequency291])+zn([Frequency292])+zn([Frequency293])+zn([Frequency294])+zn([Frequency295])+zn([Frequency296])+zn([Frequency297])+zn([Frequency298])+zn([Frequency299])+zn([Frequency300])+zn([Frequency301])+zn([Frequency302])+zn([Frequency303])+zn([Frequency304])+zn([Frequency305])+zn([Frequency306])+zn([Frequency307])+zn([Frequency308])+zn([Frequency309])+zn([Frequency310])+zn([Frequency311])+zn([Frequency312])+zn([Frequency313])+zn([Frequency314])+zn([Frequency315])+zn([Frequency316])+zn([Frequency317])+zn([Frequency318])+zn([Frequency319])+zn([Frequency320])+zn([Frequency321])+zn([Frequency322])+zn([Frequency323])+zn([Frequency324])+zn([Frequency325])+zn([Frequency326])+zn([Frequency327])+zn([Frequency328])+zn([Frequency329])+zn([Frequency330])+zn([Frequency331])+zn([Frequency332])+zn([Frequency333])+zn([Frequency334])+zn([Frequency335])+zn([Frequency336])+zn([Frequency337])+zn([Frequency338])+zn([Frequency339])+zn([Frequency340])+zn([Frequency341])+zn([Frequency342])+zn([Frequency343])+zn([Frequency344])+zn([Frequency345])+zn([Frequency346])+zn([Frequency347])+zn([Frequency348])+zn([Frequency349])+zn([Frequency350])+zn([Frequency351])+zn([Frequency352])+zn([Frequency353])+zn([Frequency354])+zn([Frequency355])+zn([Frequency356])+zn([Frequency357])+zn([Frequency358])+zn([Frequency359])+zn([Frequency360])+zn([Frequency361])+zn([Frequency362])+zn([Frequency363])+zn([Frequency364])+zn([Frequency365])+zn([Frequency366])+zn([Frequency367])+zn([Frequency368])+zn([Frequency369])+zn([Frequency370])+zn([Frequency371])+zn([Frequency372])+zn([Frequency373])+zn([Frequency374])+zn([Frequency375])+zn([Frequency376])+zn([Frequency377])+zn([Frequency378])+zn([Frequency379])+zn([Frequency380])+zn([Frequency381])+zn([Frequency382])+zn([Frequency383])+zn([Frequency384])+zn([Frequency385])+zn([Frequency386])+zn([Frequency387])+zn([Frequency388])+zn([Frequency389])+zn([Frequency390])+zn([Frequency391])+zn([Frequency392])+zn([Frequency393])+zn([Frequency394])+zn([Frequency395])+zn([Frequency396])+zn([Frequency397])+zn([Frequency398])+zn([Frequency399])+zn([Frequency400])+zn([Frequency401])+zn([Frequency402])+zn([Frequency403])+zn([Frequency404])+zn([Frequency405])+zn([Frequency406])+zn([Frequency407])+zn([Frequency408])+zn([Frequency409])+zn([Frequency410])+zn([Frequency411])+zn([Frequency412])+zn([Frequency413])+zn([Frequency414])+zn([Frequency415])+zn([Frequency416])+zn([Frequency417])+zn([Frequency418])+zn([Frequency419])+zn([Frequency420])+zn([Frequency421])+zn([Frequency422])+zn([Frequency423])+zn([Frequency424])+zn([Frequency425])+zn([Frequency426])+zn([Frequency427])+zn([Frequency428])+zn([Frequency429])+zn([Frequency430])+zn([Frequency431])+zn([Frequency432])+zn([Frequency433])+zn([Frequency434])+zn([Frequency435])+zn([Frequency436])+zn([Frequency437])+zn([Frequency438])+zn([Frequency439])+zn([Frequency440])+zn([Frequency441])+zn([Frequency442])+zn([Frequency443])+zn([Frequency444])+zn([Frequency445])+zn([Frequency446])+zn([Frequency447])+zn([Frequency448])+zn([Frequency449])+zn([Frequency450])+zn([Frequency451])+zn([Frequency452])+zn([Frequency453])+zn([Frequency454])+zn([Frequency455])+zn([Frequency456])+zn([Frequency457])+zn([Frequency458])+zn([Frequency459])+zn([Frequency460])+zn([Frequency461])+zn([Frequency462])+zn([Frequency463])+zn([Frequency464])+zn([Frequency465])+zn([Frequency466])+zn([Frequency467])+zn([Frequency468])+zn([Frequency469])+zn([Frequency470])+zn([Frequency471])+zn([Frequency472])+zn([Frequency473])+zn([Frequency474])+zn([Frequency475])+zn([Frequency476])+zn([Frequency477])+zn([Frequency478])+zn([Frequency479])+zn([Frequency480])+zn([Frequency481])+zn([Frequency482])+zn([Frequency483])+zn([Frequency484])+zn([Frequency485])+zn([Frequency486])+zn([Frequency487])+zn([Frequency488])+zn([Frequency489])+zn([Frequency490])+zn([Frequency491])+zn([Frequency492])+zn([Frequency493])+zn([Frequency494])+zn([Frequency495])+zn([Frequency496])+zn([Frequency497])+zn([Frequency498])+zn([Frequency499])+zn([Frequency500])+zn([Frequency501])+zn([Frequency502])+zn([Frequency503])+zn([Frequency504])+zn([Frequency505])+zn([Frequency506])+zn([Frequency507])+zn([Frequency508])+zn([Frequency509])+zn([Frequency510])+zn([Frequency511])+zn([Frequency512])+zn([Frequency513])+zn([Frequency514])+zn([Frequency515])+zn([Frequency516])+zn([Frequency517])+zn([Frequency518])+zn([Frequency519])+zn([Frequency520])+zn([Frequency521])+zn([Frequency522])+zn([Frequency523])+zn([Frequency524])+zn([Frequency525])+zn([Frequency526])+zn([Frequency527])+zn([Frequency528])+zn([Frequency529])+zn([Frequency530])+zn([Frequency531])+zn([Frequency532])+zn([Frequency533])+zn([Frequency534])+zn([Frequency535])+zn([Frequency536])+zn([Frequency537])+zn([Frequency538])+zn([Frequency539])+zn([Frequency540])+zn([Frequency541])+zn([Frequency542])+zn([Frequency543])+zn([Frequency544])+zn([Frequency545])+zn([Frequency546])+zn([Frequency547])+zn([Frequency548])+zn([Frequency549])+zn([Frequency550])+zn([Frequency551])+zn([Frequency552])+zn([Frequency553])+zn([Frequency554])+zn([Frequency555])+zn([Frequency556])+zn([Frequency557])+zn([Frequency558])+zn([Frequency559])+zn([Frequency560])+zn([Frequency561])+zn([Frequency562])+zn([Frequency563])+zn([Frequency564])+zn([Frequency565])+zn([Frequency566])+zn([Frequency567])+zn([Frequency568])+zn([Frequency569])+zn([Frequency570])+zn([Frequency571])+zn([Frequency572])+zn([Frequency573])+zn([Frequency574])+zn([Frequency575])+zn([Frequency576])+zn([Frequency577])+zn([Frequency578])+zn([Frequency579])+zn([Frequency580])+zn([Frequency581])+zn([Frequency582])+zn([Frequency583])+zn([Frequency584])+zn([Frequency585])+zn([Frequency586])+zn([Frequency587])+zn([Frequency588])+zn([Frequency589])+zn([Frequency590])+zn([Frequency591])+zn([Frequency592])+zn([Frequency593])+zn([Frequency594])+zn([Frequency595])+zn([Frequency596])+zn([Frequency597])+zn([Frequency598])+zn([Frequency599])+zn([Frequency600])+zn([Frequency601])+zn([Frequency602])+zn([Frequency603])+zn([Frequency604])+zn([Frequency605])+zn([Frequency606])+zn([Frequency607])+zn([Frequency608])+zn([Frequency609])+zn([Frequency610])+zn([Frequency611])+zn([Frequency612])+zn([Frequency613])+zn([Frequency614])+zn([Frequency615])+zn([Frequency616])+zn([Frequency617])+zn([Frequency618])+zn([Frequency619])+zn([Frequency620])+zn([Frequency621])+zn([Frequency622])+zn([Frequency623])+zn([Frequency624])+zn([Frequency625])+zn([Frequency626])+zn([Frequency627])+zn([Frequency628])+zn([Frequency629])+zn([Frequency630])+zn([Frequency631])+zn([Frequency632])+zn([Frequency633])+zn([Frequency634])+zn([Frequency635])+zn([Frequency636])+zn([Frequency637])+zn([Frequency638])+zn([Frequency639])+zn([Frequency640])+zn([Frequency641])+zn([Frequency642])+zn([Frequency643])+zn([Frequency644])+zn([Frequency645])+zn([Frequency646])+zn([Frequency647])+zn([Frequency648])+zn([Frequency649])+zn([Frequency650])+zn([Frequency651])+zn([Frequency652])+zn([Frequency653])+zn([Frequency654])+zn([Frequency655])+zn([Frequency656])+zn([Frequency657])+zn([Frequency658])+zn([Frequency659])+zn([Frequency660])+zn([Frequency661])+zn([Frequency662])+zn([Frequency663])+zn([Frequency664])+zn([Frequency665])+zn([Frequency666])+zn([Frequency667])+zn([Frequency668])+zn([Frequency669])+zn([Frequency670])+zn([Frequency671])+zn([Frequency672])+zn([Frequency673])+zn([Frequency674])+zn([Frequency675])+zn([Frequency676])+zn([Frequency677])+zn([Frequency678])+zn([Frequency679])+zn([Frequency680])+zn([Frequency681])+zn([Frequency682])+zn([Frequency683])+zn([Frequency684])+zn([Frequency685])+zn([Frequency686])+zn([Frequency687])+zn([Frequency688])+zn([Frequency689])+zn([Frequency690])+zn([Frequency691])+zn([Frequency692])+zn([Frequency693])+zn([Frequency694])+zn([Frequency695])+zn([Frequency696])+zn([Frequency697])+zn([Frequency698])+zn([Frequency699])+zn([Frequency700])+zn([Frequency701])+zn([Frequency702])+zn([Frequency703])+zn([Frequency704])+zn([Frequency705])+zn([Frequency706])+zn([Frequency707])+zn([Frequency708])+zn([Frequency709])+zn([Frequency710])+zn([Frequency711])+zn([Frequency712])+zn([Frequency713])+zn([Frequency714])+zn([Frequency715])+zn([Frequency716])+zn([Frequency717])+zn([Frequency718])+zn([Frequency719])+zn([Frequency720])+zn([Frequency721])+zn([Frequency722])+zn([Frequency723])+zn([Frequency724])+zn([Frequency725])+zn([Frequency726])+zn([Frequency727])+zn([Frequency728])+zn([Frequency729])+zn([Frequency730])+zn([Frequency731])+zn([Frequency732])+zn([Frequency733])+zn([Frequency734])+zn([Frequency735])+zn([Frequency736])+zn([Frequency737])+zn([Frequency738])+zn([Frequency739])+zn([Frequency740])+zn([Frequency741])+zn([Frequency742])+zn([Frequency743])+zn([Frequency744])+zn([Frequency745])+zn([Frequency746])+zn([Frequency747])+zn([Frequency748])+zn([Frequency749])+zn([Frequency750])+zn([Frequency751])+zn([Frequency752])+zn([Frequency753])+zn([Frequency754])+zn([Frequency755])+zn([Frequency756])+zn([Frequency757])+zn([Frequency758])+zn([Frequency759])+zn([Frequency760])+zn([Frequency761])+zn([Frequency762])+zn([Frequency763])+zn([Frequency764])+zn([Frequency765])+zn([Frequency766])+zn([Frequency767])+zn([Frequency768])+zn([Frequency769])+zn([Frequency770])+zn([Frequency771])+zn([Frequency772])+zn([Frequency773])+zn([Frequency774])+zn([Frequency775])+zn([Frequency776])+zn([Frequency777])+zn([Frequency778])+zn([Frequency779])+zn([Frequency780])+zn([Frequency781])+zn([Frequency782])+zn([Frequency783])+zn([Frequency784])+zn([Frequency785])+zn([Frequency786])+zn([Frequency787])+zn([Frequency788])+zn([Frequency789])+zn([Frequency790])+zn([Frequency791])+zn([Frequency792])+zn([Frequency793])+zn([Frequency794])+zn([Frequency795])+zn([Frequency796])+zn([Frequency797])+zn([Frequency798])+zn([Frequency799])+zn([Frequency800])+zn([Frequency801])+zn([Frequency802])+zn([Frequency803])+zn([Frequency804])+zn([Frequency805])+zn([Frequency806])+zn([Frequency807])+zn([Frequency808])+zn([Frequency809])+zn([Frequency810])+zn([Frequency811])+zn([Frequency812])+zn([Frequency813])+zn([Frequency814])+zn([Frequency815])+zn([Frequency816])+zn([Frequency817])+zn([Frequency818])+zn([Frequency819])+zn([Frequency820])+zn([Frequency821])+zn([Frequency822])+zn([Frequency823])+zn([Frequency824])+zn([Frequency825])+zn([Frequency826])+zn([Frequency827])+zn([Frequency828])+zn([Frequency829])+zn([Frequency830])+zn([Frequency831])+zn([Frequency832])+zn([Frequency833])+zn([Frequency834])+zn([Frequency835])+zn([Frequency836])+zn([Frequency837])+zn([Frequency838])+zn([Frequency839])+zn([Frequency840])+zn([Frequency841])+zn([Frequency842])+zn([Frequency843])+zn([Frequency844])+zn([Frequency845])+zn([Frequency846])+zn([Frequency847])+zn([Frequency848])+zn([Frequency849])+zn([Frequency850])+zn([Frequency851])+zn([Frequency852])+zn([Frequency853])+zn([Frequency854])+zn([Frequency855])+zn([Frequency856])+zn([Frequency857])+zn([Frequency858])+zn([Frequency859])+zn([Frequency860])+zn([Frequency861])+zn([Frequency862])+zn([Frequency863])+zn([Frequency864])+zn([Frequency865])+zn([Frequency866])+zn([Frequency867])+zn([Frequency868])+zn([Frequency869])+zn([Frequency870])+zn([Frequency871])+zn([Frequency872])+zn([Frequency873])+zn([Frequency874])+zn([Frequency875])+zn([Frequency876])+zn([Frequency877])+zn([Frequency878])+zn([Frequency879])+zn([Frequency880])+zn([Frequency881])+zn([Frequency882])+zn([Frequency883])+zn([Frequency884])+zn([Frequency885])+zn([Frequency886])+zn([Frequency887])+zn([Frequency888])+zn([Frequency889])+zn([Frequency890])+zn([Frequency891])+zn([Frequency892])+zn([Frequency893])+zn([Frequency894])+zn([Frequency895])+zn([Frequency896])+zn([Frequency897])+zn([Frequency898])+zn([Frequency899])+zn([Frequency900])+zn([Frequency901])+zn([Frequency902])+zn([Frequency903])+zn([Frequency904])+zn([Frequency905])+zn([Frequency906])+zn([Frequency907])+zn([Frequency908])+zn([Frequency909])+zn([Frequency910])+zn([Frequency911])+zn([Frequency912])+zn([Frequency913])+zn([Frequency914])+zn([Frequency915])+zn([Frequency916])+zn([Frequency917])+zn([Frequency918])+zn([Frequency919])+zn([Frequency920])+zn([Frequency921])+zn([Frequency922])+zn([Frequency923])+zn([Frequency924])+zn([Frequency925])+zn([Frequency926])+zn([Frequency927])+zn([Frequency928])+zn([Frequency929])+zn([Frequency930])+zn([Frequency931])+zn([Frequency932])+zn([Frequency933])+zn([Frequency934])+zn([Frequency935])+zn([Frequency936])+zn([Frequency937])+zn([Frequency938])+zn([Frequency939])+zn([Frequency940])+zn([Frequency941])+zn([Frequency942])+zn([Frequency943])+zn([Frequency944])+zn([Frequency945])+zn([Frequency946])+zn([Frequency947])+zn([Frequency948])+zn([Frequency949])+zn([Frequency950])+zn([Frequency951])+zn([Frequency952])+zn([Frequency953])+zn([Frequency954])+zn([Frequency955])+zn([Frequency956])+zn([Frequency957])+zn([Frequency958])+zn([Frequency959])+zn([Frequency960])+zn([Frequency961])+zn([Frequency962])+zn([Frequency963])+zn([Frequency964])+zn([Frequency965])+zn([Frequency966])+zn([Frequency967])+zn([Frequency968])+zn([Frequency969])+zn([Frequency970])+zn([Frequency971])+zn([Frequency972])+zn([Frequency973])+zn([Frequency974])+zn([Frequency975])+zn([Frequency976])+zn([Frequency977])+zn([Frequency978])+zn([Frequency979])+zn([Frequency980])+zn([Frequency981])+zn([Frequency982])+zn([Frequency983])+zn([Frequency984])+zn([Frequency985])+zn([Frequency986])+zn([Frequency987])+zn([Frequency988])+zn([Frequency989])+zn([Frequency990])+zn([Frequency991])+zn([Frequency992])+zn([Frequency993])+zn([Frequency994])+zn([Frequency995])+zn([Frequency996])+zn([Frequency997])+zn([Frequency998])+zn([Frequency999])+zn([Frequency1000])+zn([Frequency1001])+zn([Frequency1002])+zn([Frequency1003])+zn([Frequency1004])+zn([Frequency1005])+zn([Frequency1006])+zn([Frequency1007])+zn([Frequency1008])+zn([Frequency1009])+zn([Frequency1010])+zn([Frequency1011])+zn([Frequency1012])+zn([Frequency1013])+zn([Frequency1014])+zn([Frequency1015])+zn([Frequency1016])+zn([Frequency1017])+zn([Frequency1018])+zn([Frequency1019])+zn([Frequency1020])+zn([Frequency1021])+zn([Frequency1022])+zn([Frequency1023])+zn([Frequency1024])+zn([Frequency1025])+zn([Frequency1026])+zn([Frequency1027])+zn([Frequency1028])+zn([Frequency1029])+zn([Frequency1030])+zn([Frequency1031])+zn([Frequency1032])+zn([Frequency1033])+zn([Frequency1034])+zn([Frequency1035])+zn([Frequency1036])+zn([Frequency1037])+zn([Frequency1038])+zn([Frequency1039])+zn([Frequency1040])+zn([Frequency1041])+zn([Frequency1042])+zn([Frequency1043])+zn([Frequency1044])+zn([Frequency1045])+zn([Frequency1046])+zn([Frequency1047])+zn([Frequency1048])+zn([Frequency1049])+zn([Frequency1050])+zn([Frequency1051])+zn([Frequency1052])+zn([Frequency1053])+zn([Frequency1054])+zn([Frequency1055])+zn([Frequency1056])+zn([Frequency1057])+zn([Frequency1058])+zn([Frequency1059])+zn([Frequency1060])+zn([Frequency1061])+zn([Frequency1062])+zn([Frequency1063])+zn([Frequency1064])+zn([Frequency1065])+zn([Frequency1066])+zn([Frequency1067])+zn([Frequency1068])+zn([Frequency1069])+zn([Frequency1070])+zn([Frequency1071])+zn([Frequency1072])+zn([Frequency1073])+zn([Frequency1074])+zn([Frequency1075])+zn([Frequency1076])+zn([Frequency1077])+zn([Frequency1078])+zn([Frequency1079])+zn([Frequency1080])+zn([Frequency1081])+zn([Frequency1082])+zn([Frequency1083])+zn([Frequency1084])+zn([Frequency1085])+zn([Frequency1086])+zn([Frequency1087])+zn([Frequency1088])+zn([Frequency1089])+zn([Frequency1090])+zn([Frequency1091])+zn([Frequency1092])+zn([Frequency1093])+zn([Frequency1094])+zn([Frequency1095])+zn([Frequency1096])+zn([Frequency1097])+zn([Frequency1098])+zn([Frequency1099])+zn([Frequency1100])+zn([Frequency1101])+zn([Frequency1102])+zn([Frequency1103])+zn([Frequency1104])+zn([Frequency1105])+zn([Frequency1106])+zn([Frequency1107])+zn([Frequency1108])+zn([Frequency1109])+zn([Frequency1110])+zn([Frequency1111])+zn([Frequency1112])+zn([Frequency1113])+zn([Frequency1114])+zn([Frequency1115])+zn([Frequency1116])+zn([Frequency1117])+zn([Frequency1118])+zn([Frequency1119])+zn([Frequency1120])+zn([Frequency1121])+zn([Frequency1122])+zn([Frequency1123])+zn([Frequency1124])+zn([Frequency1125])+zn([Frequency1126])+zn([Frequency1127])+zn([Frequency1128])+zn([Frequency1129])+zn([Frequency1130])+zn([Frequency1131])+zn([Frequency1132])+zn([Frequency1133])+zn([Frequency1134])+zn([Frequency1135])+zn([Frequency1136])+zn([Frequency1137])+zn([Frequency1138])+zn([Frequency1139])+zn([Frequency1140])+zn([Frequency1141])+zn([Frequency1142])+zn([Frequency1143])+zn([Frequency1144])+zn([Frequency1145])+zn([Frequency1146])+zn([Frequency1147])+zn([Frequency1148])+zn([Frequency1149])+zn([Frequency1150])+zn([Frequency1151])+zn([Frequency1152])+zn([Frequency1153])+zn([Frequency1154])+zn([Frequency1155])+zn([Frequency1156])+zn([Frequency1157])+zn([Frequency1158])+zn([Frequency1159])+zn([Frequency1160])+zn([Frequency1161])+zn([Frequency1162])+zn([Frequency1163])+zn([Frequency1164])+zn([Frequency1165])+zn([Frequency1166])+zn([Frequency1167])+zn([Frequency1168])+zn([Frequency1169])+zn([Frequency1170])+zn([Frequency1171])+zn([Frequency1172])+zn([Frequency1173])+zn([Frequency1174])+zn([Frequency1175])+zn([Frequency1176])+zn([Frequency1177])+zn([Frequency1178])+zn([Frequency1179])+zn([Frequency1180])+zn([Frequency1181])+zn([Frequency1182])+zn([Frequency1183])+zn([Frequency1184])+zn([Frequency1185])+zn([Frequency1186])+zn([Frequency1187])+zn([Frequency1188])+zn([Frequency1189])+zn([Frequency1190])+zn([Frequency1191])+zn([Frequency1192])+zn([Frequency1193])+zn([Frequency1194])+zn([Frequency1195])+zn([Frequency1196])+zn([Frequency1197])+zn([Frequency1198])+zn([Frequency1199])+zn([Frequency1200])+zn([Frequency1201])+zn([Frequency1202])+zn([Frequency1203])+zn([Frequency1204])+zn([Frequency1205])+zn([Frequency1206])+zn([Frequency1207])+zn([Frequency1208])+zn([Frequency1209])+zn([Frequency1210])+zn([Frequency1211])+zn([Frequency1212])+zn([Frequency1213])+zn([Frequency1214])+zn([Frequency1215])+zn([Frequency1216])+zn([Frequency1217])+zn([Frequency1218])+zn([Frequency1219])+zn([Frequency1220])+zn([Frequency1221])+zn([Frequency1222])+zn([Frequency1223])+zn([Frequency1224])+zn([Frequency1225])+zn([Frequency1226])+zn([Frequency1227])+zn([Frequency1228])+zn([Frequency1229])+zn([Frequency1230])+zn([Frequency1231])+zn([Frequency1232])+zn([Frequency1233])+zn([Frequency1234])+zn([Frequency1235])+zn([Frequency1236])+zn([Frequency1237])+zn([Frequency1238])+zn([Frequency1239])+zn([Frequency1240])+zn([Frequency1241])+zn([Frequency1242])+zn([Frequency1243])+zn([Frequency1244])+zn([Frequency1245])+zn([Frequency1246])+zn([Frequency1247])+zn([Frequency1248])+zn([Frequency1249])+zn([Frequency1250])+zn([Frequency1251])+zn([Frequency1252])+zn([Frequency1253])+zn([Frequency1254])+zn([Frequency1255])+zn([Frequency1256])+zn([Frequency1257])+zn([Frequency1258])+zn([Frequency1259])+zn([Frequency1260])+zn([Frequency1261])+zn([Frequency1262])+zn([Frequency1263])+zn([Frequency1264])+zn([Frequency1265])+zn([Frequency1266])+zn([Frequency1267])+zn([Frequency1268])+zn([Frequency1269])+zn([Frequency1270])+zn([Frequency1271])+zn([Frequency1272])+zn([Frequency1273])+zn([Frequency1274])+zn([Frequency1275])+zn([Frequency1276])+zn([Frequency1277])+zn([Frequency1278])+zn([Frequency1279])+zn([Frequency1280])+zn([Frequency1281])+zn([Frequency1282])+zn([Frequency1283])+zn([Frequency1284])+zn([Frequency1285])+zn([Frequency1286])+zn([Frequency1287])+zn([Frequency1288])+zn([Frequency1289])+zn([Frequency1290])+zn([Frequency1291])+zn([Frequency1292])+zn([Frequency1293])+zn([Frequency1294])+zn([Frequency1295])+zn([Frequency1296])+zn([Frequency1297])+zn([Frequency1298])+zn([Frequency1299])+zn([Frequency1300])+zn([Frequency1301])+zn([Frequency1302])+zn([Frequency1303])+zn([Frequency1304])+zn([Frequency1305])+zn([Frequency1306])+zn([Frequency1307])+zn([Frequency1308])+zn([Frequency1309])+zn([Frequency1310])+zn([Frequency1311])+zn([Frequency1312])+zn([Frequency1313])+zn([Frequency1314])+zn([Frequency1315])+zn([Frequency1316])+zn([Frequency1317])+zn([Frequency1318])+zn([Frequency1319])+zn([Frequency1320])+zn([Frequency1321])+zn([Frequency1322])+zn([Frequency1323])+zn([Frequency1324])+zn([Frequency1325])+zn([Frequency1326])+zn([Frequency1327])+zn([Frequency1328])+zn([Frequency1329])+zn([Frequency1330])+zn([Frequency1331])+zn([Frequency1332])+zn([Frequency1333])+zn([Frequency1334])+zn([Frequency1335])+zn([Frequency1336])+zn([Frequency1337])+zn([Frequency1338])+zn([Frequency1339])+zn([Frequency1340])+zn([Frequency1341])+zn([Frequency1342])+zn([Frequency1343])+zn([Frequency1344])+zn([Frequency1345])+zn([Frequency1346])+zn([Frequency1347])+zn([Frequency1348])+zn([Frequency1349])+zn([Frequency1350])+zn([Frequency1351])+zn([Frequency1352])+zn([Frequency1353])+zn([Frequency1354])+zn([Frequency1355])+zn([Frequency1356])+zn([Frequency1357])+zn([Frequency1358])+zn([Frequency1359])+zn([Frequency1360])+zn([Frequency1361])+zn([Frequency1362])+zn([Frequency1363])+zn([Frequency1364])+zn([Frequency1365])+zn([Frequency1366])+zn([Frequency1367])+zn([Frequency1368])+zn([Frequency1369])+zn([Frequency1370])+zn([Frequency1371])+zn([Frequency1372])+zn([Frequency1373])+zn([Frequency1374])+zn([Frequency1375])+zn([Frequency1376])+zn([Frequency1377])+zn([Frequency1378])+zn([Frequency1379])+zn([Frequency1380])+zn([Frequency1381])+zn([Frequency1382])+zn([Frequency1383])+zn([Frequency1384])+zn([Frequency1385])+zn([Frequency1386])+zn([Frequency1387])+zn([Frequency1388])+zn([Frequency1389])+zn([Frequency1390])+zn([Frequency1391])+zn([Frequency1392])+zn([Frequency1393])+zn([Frequency1394])+zn([Frequency1395])+zn([Frequency1396])+zn([Frequency1397])+zn([Frequency1398])+zn([Frequency1399])+zn([Frequency1400])+zn([Frequency1401])+zn([Frequency1402])+zn([Frequency1403])+zn([Frequency1404])+zn([Frequency1405])+zn([Frequency1406])+zn([Frequency1407])+zn([Frequency1408])+zn([Frequency1409])+zn([Frequency1410])+zn([Frequency1411])+zn([Frequency1412])+zn([Frequency1413])+zn([Frequency1414])+zn([Frequency1415])+zn([Frequency1416])+zn([Frequency1417])+zn([Frequency1418])+zn([Frequency1419])+zn([Frequency1420])+zn([Frequency1421])+zn([Frequency1422])+zn([Frequency1423])+zn([Frequency1424])+zn([Frequency1425])+zn([Frequency1426])+zn([Frequency1427])+zn([Frequency1428])+zn([Frequency1429])+zn([Frequency1430])+zn([Frequency1431])+zn([Frequency1432])+zn([Frequency1433])+zn([Frequency1434])+zn([Frequency1435])+zn([Frequency1436])+zn([Frequency1437])+zn([Frequency1438])+zn([Frequency1439])+zn([Frequency1440])+zn([Frequency1441])+zn([Frequency1442])+zn([Frequency1443])+zn([Frequency1444])+zn([Frequency1445])+zn([Frequency1446])+zn([Frequency1447])+zn([Frequency1448])+zn([Frequency1449])+zn([Frequency1450])+zn([Frequency1451])+zn([Frequency1452])+zn([Frequency1453])+zn([Frequency1454])+zn([Frequency1455])+zn([Frequency1456])+zn([Frequency1457])+zn([Frequency1458])+zn([Frequency1459])+zn([Frequency1460])+zn([Frequency1461])+zn([Frequency1462])+zn([Frequency1463])+zn([Frequency1464])+zn([Frequency1465])+zn([Frequency1466])+zn([Frequency1467])+zn([Frequency1468])+zn([Frequency1469])+zn([Frequency1470])+zn([Frequency1471])+zn([Frequency1472])+zn([Frequency1473])+zn([Frequency1474])+zn([Frequency1475])+zn([Frequency1476])+zn([Frequency1477])+zn([Frequency1478])+zn([Frequency1479])+zn([Frequency1480])+zn([Frequency1481])+zn([Frequency1482])+zn([Frequency1483])+zn([Frequency1484])+zn([Frequency1485])+zn([Frequency1486])+zn([Frequency1487])+zn([Frequency1488])+zn([Frequency1489])+zn([Frequency1490])+zn([Frequency1491])+zn([Frequency1492])+zn([Frequency1493])+zn([Frequency1494])+zn([Frequency1495])+zn([Frequency1496])+zn([Frequency1497])+zn([Frequency1498])+zn([Frequency1499])+zn([Frequency1500])+zn([Frequency1501])+zn([Frequency1502])+zn([Frequency1503])+zn([Frequency1504])+zn([Frequency1505])+zn([Frequency1506])+zn([Frequency1507])+zn([Frequency1508])+zn([Frequency1509])+zn([Frequency1510])+zn([Frequency1511])+zn([Frequency1512])+zn([Frequency1513])+zn([Frequency1514])+zn([Frequency1515])+zn([Frequency1516])+zn([Frequency1517])+zn([Frequency1518])+zn([Frequency1519])+zn([Frequency1520])+zn([Frequency1521])+zn([Frequency1522])+zn([Frequency1523])+zn([Frequency1524])+zn([Frequency1525])+zn([Frequency1526])+zn([Frequency1527])+zn([Frequency1528])+zn([Frequency1529])+zn([Frequency1530])+zn([Frequency1531])+zn([Frequency1532])+zn([Frequency1533])+zn([Frequency1534])+zn([Frequency1535])+zn([Frequency1536])+zn([Frequency1537])+zn([Frequency1538])+zn([Frequency1539])+zn([Frequency1540])+zn([Frequency1541])+zn([Frequency1542])+zn([Frequency1543])+zn([Frequency1544])+zn([Frequency1545])+zn([Frequency1546])+zn([Frequency1547])+zn([Frequency1548])+zn([Frequency1549])+zn([Frequency1550])+zn([Frequency1551])+zn([Frequency1552])+zn([Frequency1553])+zn([Frequency1554])+zn([Frequency1555])+zn([Frequency1556])+zn([Frequency1557])+zn([Frequency1558])+zn([Frequency1559])+zn([Frequency1560])+zn([Frequency1561])+zn([Frequency1562])+zn([Frequency1563])+zn([Frequency1564])+zn([Frequency1565])+zn([Frequency1566])+zn([Frequency1567])+zn([Frequency1568])+zn([Frequency1569])+zn([Frequency1570])+zn([Frequency1571])+zn([Frequency1572])+zn([Frequency1573])+zn([Frequency1574])+zn([Frequency1575])+zn([Frequency1576])+zn([Frequency1577])+zn([Frequency1578])+zn([Frequency1579])+zn([Frequency1580])+zn([Frequency1581])+zn([Frequency1582])+zn([Frequency1583])+zn([Frequency1584])+zn([Frequency1585])+zn([Frequency1586])+zn([Frequency1587])+zn([Frequency1588])+zn([Frequency1589])+zn([Frequency1590])+zn([Frequency1591])+zn([Frequency1592])+zn([Frequency1593])+zn([Frequency1594])+zn([Frequency1595])+zn([Frequency1596])+zn([Frequency1597])+zn([Frequency1598])+zn([Frequency1599])+zn([Frequency1600])+zn([Frequency1601])+zn([Frequency1602])+zn([Frequency1603])+zn([Frequency1604])+zn([Frequency1605])+zn([Frequency1606])+zn([Frequency1607])+zn([Frequency1608])+zn([Frequency1609])+zn([Frequency1610])+zn([Frequency1611])+zn([Frequency1612])+zn([Frequency1613])+zn([Frequency1614])+zn([Frequency1615])+zn([Frequency1616])+zn([Frequency1617])+zn([Frequency1618])+zn([Frequency1619])+zn([Frequency1620])+zn([Frequency1621])+zn([Frequency1622])+zn([Frequency1623])+zn([Frequency1624])+zn([Frequency1625])+zn([Frequency1626])+zn([Frequency1627])+zn([Frequency1628])+zn([Frequency1629])+zn([Frequency1630])+zn([Frequency1631])+zn([Frequency1632])+zn([Frequency1633])+zn([Frequency1634])+zn([Frequency1635])+zn([Frequency1636])+zn([Frequency1637])+zn([Frequency1638])+zn([Frequency1639])+zn([Frequency1640])+zn([Frequency1641])+zn([Frequency1642])+zn([Frequency1643])+zn([Frequency1644])+zn([Frequency1645])+zn([Frequency1646])+zn([Frequency1647])+zn([Frequency1648])+zn([Frequency1649])+zn([Frequency1650])+zn([Frequency1651])+zn([Frequency1652])+zn([Frequency1653])+zn([Frequency1654])+zn([Frequency1655])+zn([Frequency1656])+zn([Frequency1657])+zn([Frequency1658])+zn([Frequency1659])+zn([Frequency1660])+zn([Frequency1661])+zn([Frequency1662])+zn([Frequency1663])+zn([Frequency1664])+zn([Frequency1665])+zn([Frequency1666])+zn([Frequency1667])+zn([Frequency1668])+zn([Frequency1669])+zn([Frequency1670])+zn([Frequency1671])+zn([Frequency1672])+zn([Frequency1673])+zn([Frequency1674])+zn([Frequency1675])+zn([Frequency1676])+zn([Frequency1677])+zn([Frequency1678])+zn([Frequency1679])+zn([Frequency1680])+zn([Frequency1681])+zn([Frequency1682])+zn([Frequency1683])+zn([Frequency1684])+zn([Frequency1685])+zn([Frequency1686])+zn([Frequency1687])+zn([Frequency1688])+zn([Frequency1689])+zn([Frequency1690])+zn([Frequency1691])+zn([Frequency1692])+zn([Frequency1693])+zn([Frequency1694])+zn([Frequency1695])+zn([Frequency1696])+zn([Frequency1697])+zn([Frequency1698])+zn([Frequency1699])+zn([Frequency1700])+zn([Frequency1701])+zn([Frequency1702])+zn([Frequency1703])+zn([Frequency1704])+zn([Frequency1705])+zn([Frequency1706])+zn([Frequency1707])+zn([Frequency1708])+zn([Frequency1709])+zn([Frequency1710])+zn([Frequency1711])+zn([Frequency1712])+zn([Frequency1713])+zn([Frequency1714])+zn([Frequency1715])+zn([Frequency1716])+zn([Frequency1717])+zn([Frequency1718])+zn([Frequency1719])+zn([Frequency1720])+zn([Frequency1721])+zn([Frequency1722])+zn([Frequency1723])+zn([Frequency1724])+zn([Frequency1725])+zn([Frequency1726])+zn([Frequency1727])+zn([Frequency1728])+zn([Frequency1729])+zn([Frequency1730])+zn([Frequency1731])+zn([Frequency1732])+zn([Frequency1733])+zn([Frequency1734])+zn([Frequency1735])+zn([Frequency1736])+zn([Frequency1737])+zn([Frequency1738])+zn([Frequency1739])+zn([Frequency1740])+zn([Frequency1741])+zn([Frequency1742])+zn([Frequency1743])+zn([Frequency1744])+zn([Frequency1745])+zn([Frequency1746])+zn([Frequency1747])+zn([Frequency1748])+zn([Frequency1749])+zn([Frequency1750])+zn([Frequency1751])+zn([Frequency1752])+zn([Frequency1753])+zn([Frequency1754])+zn([Frequency1755])+zn([Frequency1756])+zn([Frequency1757])+zn([Frequency1758])+zn([Frequency1759])+zn([Frequency1760])+zn([Frequency1761])+zn([Frequency1762])+zn([Frequency1763])+zn([Frequency1764])+zn([Frequency1765])+zn([Frequency1766])+zn([Frequency1767])+zn([Frequency1768])+zn([Frequency1769])+zn([Frequency1770])+zn([Frequency1771])+zn([Frequency1772])+zn([Frequency1773])+zn([Frequency1774])+zn([Frequency1775])+zn([Frequency1776])+zn([Frequency1777])+zn([Frequency1778])+zn([Frequency1779])+zn([Frequency1780])+zn([Frequency1781])+zn([Frequency1782])+zn([Frequency1783])+zn([Frequency1784])+zn([Frequency1785])+zn([Frequency1786])+zn([Frequency1787])+zn([Frequency1788])+zn([Frequency1789])+zn([Frequency1790])+zn([Frequency1791])+zn([Frequency1792])+zn([Frequency1793])+zn([Frequency1794])+zn([Frequency1795])+zn([Frequency1796])+zn([Frequency1797])+zn([Frequency1798])+zn([Frequency1799])+zn([Frequency1800])+zn([Frequency1801])+zn([Frequency1802])+zn([Frequency1803])+zn([Frequency1804])+zn([Frequency1805])+zn([Frequency1806])+zn([Frequency1807])+zn([Frequency1808])+zn([Frequency1809])+zn([Frequency1810])+zn([Frequency1811])+zn([Frequency1812])+zn([Frequency1813])+zn([Frequency1814])+zn([Frequency1815])+zn([Frequency1816])+zn([Frequency1817])+zn([Frequency1818])+zn([Frequency1819])+zn([Frequency1820])+zn([Frequency1821])+zn([Frequency1822])+zn([Frequency1823])+zn([Frequency1824])+zn([Frequency1825])+zn([Frequency1826])+zn([Frequency1827])+zn([Frequency1828])+zn([Frequency1829])+zn([Frequency1830])+zn([Frequency1831])+zn([Frequency1832])+zn([Frequency1833])+zn([Frequency1834])+zn([Frequency1835])+zn([Frequency1836])+zn([Frequency1837])+zn([Frequency1838])+zn([Frequency1839])+zn([Frequency1840])+zn([Frequency1841])+zn([Frequency1842])+zn([Frequency1843])+zn([Frequency1844])+zn([Frequency1845])+zn([Frequency1846])+zn([Frequency1847])+zn([Frequency1848])+zn([Frequency1849])+zn([Frequency1850])+zn([Frequency1851])+zn([Frequency1852])+zn([Frequency1853])+zn([Frequency1854])+zn([Frequency1855])+zn([Frequency1856])+zn([Frequency1857])+zn([Frequency1858])+zn([Frequency1859])+zn([Frequency1860])+zn([Frequency1861])+zn([Frequency1862])+zn([Frequency1863])+zn([Frequency1864])+zn([Frequency1865])+zn([Frequency1866])+zn([Frequency1867])+zn([Frequency1868])+zn([Frequency1869])+zn([Frequency1870])+zn([Frequency1871])+zn([Frequency1872])+zn([Frequency1873])+zn([Frequency1874])+zn([Frequency1875])+zn([Frequency1876])+zn([Frequency1877])+zn([Frequency1878])+zn([Frequency1879])+zn([Frequency1880])+zn([Frequency1881])+zn([Frequency1882])+zn([Frequency1883])+zn([Frequency1884])+zn([Frequency1885])+zn([Frequency1886])+zn([Frequency1887])+zn([Frequency1888])+zn([Frequency1889])+zn([Frequency1890])+zn([Frequency1891])+zn([Frequency1892])+zn([Frequency1893])+zn([Frequency1894])+zn([Frequency1895])+zn([Frequency1896])+zn([Frequency1897])+zn([Frequency1898])+zn([Frequency1899])+zn([Frequency1900])+zn([Frequency1901])+zn([Frequency1902])+zn([Frequency1903])+zn([Frequency1904])+zn([Frequency1905])+zn([Frequency1906])+zn([Frequency1907])+zn([Frequency1908])+zn([Frequency1909])+zn([Frequency1910])+zn([Frequency1911])+zn([Frequency1912])+zn([Frequency1913])+zn([Frequency1914])+zn([Frequency1915])+zn([Frequency1916])+zn([Frequency1917])+zn([Frequency1918])+zn([Frequency1919])+zn([Frequency1920])+zn([Frequency1921])+zn([Frequency1922])+zn([Frequency1923])+zn([Frequency1924])+zn([Frequency1925])+zn([Frequency1926])+zn([Frequency1927])+zn([Frequency1928])+zn([Frequency1929])+zn([Frequency1930])+zn([Frequency1931])+zn([Frequency1932])+zn([Frequency1933])+zn([Frequency1934])+zn([Frequency1935])+zn([Frequency1936])+zn([Frequency1937])+zn([Frequency1938])+zn([Frequency1939])+zn([Frequency1940])+zn([Frequency1941])+zn([Frequency1942])+zn([Frequency1943])+zn([Frequency1944])+zn([Frequency1945])+zn([Frequency1946])+zn([Frequency1947])+zn([Frequency1948])+zn([Frequency1949])+zn([Frequency1950])+zn([Frequency1951])+zn([Frequency1952])+zn([Frequency1953])+zn([Frequency1954])+zn([Frequency1955])+zn([Frequency1956])+zn([Frequency1957])+zn([Frequency1958])+zn([Frequency1959])+zn([Frequency1960])+zn([Frequency1961])+zn([Frequency1962])+zn([Frequency1963])+zn([Frequency1964])+zn([Frequency1965])+zn([Frequency1966])+zn([Frequency1967])+zn([Frequency1968])+zn([Frequency1969])+zn([Frequency1970])+zn([Frequency1971])+zn([Frequency1972])+zn([Frequency1973])+zn([Frequency1974])+zn([Frequency1975])+zn([Frequency1976])+zn([Frequency1977])+zn([Frequency1978])+zn([Frequency1979])+zn([Frequency1980])+zn([Frequency1981])+zn([Frequency1982])+zn([Frequency1983])+zn([Frequency1984])+zn([Frequency1985])+zn([Frequency1986])+zn([Frequency1987])+zn([Frequency1988])+zn([Frequency1989])+zn([Frequency1990])+zn([Frequency1991])+zn([Frequency1992])+zn([Frequency1993])+zn([Frequency1994])+zn([Frequency1995])+zn([Frequency1996])+zn([Frequency1997])+zn([Frequency1998])+zn([Frequency1999])+zn([Frequency2000])+zn([Frequency2001])+zn([Frequency2002])+zn([Frequency2003])+zn([Frequency2004])+zn([Frequency2005])+zn([Frequency2006])+zn([Frequency2007])+zn([Frequency2008])+zn([Frequency2009])+zn([Frequency2010])+zn([Frequency2011])+zn([Frequency2012])+zn([Frequency2013])+zn([Frequency2014])+zn([Frequency2015])+zn([Frequency2016])+zn([Frequency2017])+zn([Frequency2018])+zn([Frequency2019])+zn([Frequency2020])+zn([Frequency2021])+zn([Frequency2022])+zn([Frequency2023])+zn([Frequency2024])+zn([Frequency2025])+zn([Frequency2026])+zn([Frequency2027])+zn([Frequency2028])+zn([Frequency2029])+zn([Frequency2030])+zn([Frequency2031])+zn([Frequency2032])+zn([Frequency2033])+zn([Frequency2034])+zn([Frequency2035])+zn([Frequency2036])+zn([Frequency2037])+zn([Frequency2038])+zn([Frequency2039])+zn([Frequency2040])+zn([Frequency2041])+zn([Frequency2042])+zn([Frequency2043])+zn([Frequency2044])+zn([Frequency2045])+zn([Frequency2046])+zn([Frequency2047])+zn([Frequency2048])+zn([Frequency2049])+zn([Frequency2050])+zn([Frequency2051])+zn([Frequency2052])+zn([Frequency2053])+zn([Frequency2054])+zn([Frequency2055])+zn([Frequency2056])+zn([Frequency2057])+zn([Frequency2058])+zn([Frequency2059])+zn([Frequency2060])+zn([Frequency2061])+zn([Frequency2062])+zn([Frequency2063])+zn([Frequency2064])+zn([Frequency2065])+zn([Frequency2066])+zn([Frequency2067])+zn([Frequency2068])+zn([Frequency2069])+zn([Frequency2070])+zn([Frequency2071])+zn([Frequency2072])+zn([Frequency2073])+zn([Frequency2074])+zn([Frequency2075])+zn([Frequency2076])+zn([Frequency2077])+zn([Frequency2078])+zn([Frequency2079])+zn([Frequency2080])+zn([Frequency2081])+zn([Frequency2082])+zn([Frequency2083])+zn([Frequency2084])+zn([Frequency2085])+zn([Frequency2086])+zn([Frequency2087])+zn([Frequency2088])+zn([Frequency2089])+zn([Frequency2090])+zn([Frequency2091])+zn([Frequency2092])+zn([Frequency2093])+zn([Frequency2094])+zn([Frequency2095])+zn([Frequency2096])+zn([Frequency2097])+zn([Frequency2098])+zn([Frequency2099])+zn([Frequency2100])+zn([Frequency2101])+zn([Frequency2102])+zn([Frequency2103])+zn([Frequency2104])+zn([Frequency2105])+zn([Frequency2106])+zn([Frequency2107])+zn([Frequency2108])+zn([Frequency2109])+zn([Frequency2110])+zn([Frequency2111])+zn([Frequency2112])+zn([Frequency2113])+zn([Frequency2114])+zn([Frequency2115])+zn([Frequency2116])+zn([Frequency2117])+zn([Frequency2118])+zn([Frequency2119])+zn([Frequency2120])+zn([Frequency2121])+zn([Frequency2122])+zn([Frequency2123])+zn([Frequency2124])+zn([Frequency2125])+zn([Frequency2126])+zn([Frequency2127])+zn([Frequency2128])+zn([Frequency2129])+zn([Frequency2130])+zn([Frequency2131])+zn([Frequency2132])+zn([Frequency2133])+zn([Frequency2134])+zn([Frequency2135])+zn([Frequency2136])+zn([Frequency2137])+zn([Frequency2138])+zn([Frequency2139])+zn([Frequency2140])+zn([Frequency2141])+zn([Frequency2142])+zn([Frequency2143])+zn([Frequency2144])+zn([Frequency2145])+zn([Frequency2146])+zn([Frequency2147])+zn([Frequency2148])+zn([Frequency2149])+zn([Frequency2150])+zn([Frequency2151])+zn([Frequency2152])+zn([Frequency2153])+zn([Frequency2154])+zn([Frequency2155])+zn([Frequency2156])+zn([Frequency2157])+zn([Frequency2158])+zn([Frequency2159])+zn([Frequency2160])+zn([Frequency2161])+zn([Frequency2162])+zn([Frequency2163])+zn([Frequency2164])+zn([Frequency2165])+zn([Frequency2166])+zn([Frequency2167])+zn([Frequency2168])+zn([Frequency2169])+zn([Frequency2170])+zn([Frequency2171])+zn([Frequency2172])+zn([Frequency2173])+zn([Frequency2174])+zn([Frequency2175])+zn([Frequency2176])+zn([Frequency2177])+zn([Frequency2178])+zn([Frequency2179])+zn([Frequency2180])+zn([Frequency2181])+zn([Frequency2182])+zn([Frequency2183])+zn([Frequency2184])+zn([Frequency2185])+zn([Frequency2186])+zn([Frequency2187])+zn([Frequency2188])+zn([Frequency2189])+zn([Frequency2190])+zn([Frequency2191])+zn([Frequency2192])+zn([Frequency2193])+zn([Frequency2194])+zn([Frequency2195])+zn([Frequency2196])+zn([Frequency2197])+zn([Frequency2198])+zn([Frequency2199])+zn([Frequency2200])+zn([Frequency2201])+zn([Frequency2202])+zn([Frequency2203])+zn([Frequency2204])+zn([Frequency2205])+zn([Frequency2206])+zn([Frequency2207])+zn([Frequency2208])+zn([Frequency2209])+zn([Frequency2210])+zn([Frequency2211])+zn([Frequency2212])+zn([Frequency2213])+zn([Frequency2214])+zn([Frequency2215])+zn([Frequency2216])+zn([Frequency2217])+zn([Frequency2218])+zn([Frequency2219])+zn([Frequency2220])+zn([Frequency2221])+zn([Frequency2222])+zn([Frequency2223])+zn([Frequency2224])+zn([Frequency2225])+zn([Frequency2226])+zn([Frequency2227])+zn([Frequency2228])+zn([Frequency2229])+zn([Frequency2230])+zn([Frequency2231])+zn([Frequency2232])+zn([Frequency2233])+zn([Frequency2234])+zn([Frequency2235])+zn([Frequency2236])+zn([Frequency2237])+zn([Frequency2238])+zn([Frequency2239])+zn([Frequency2240])+zn([Frequency2241])+zn([Frequency2242])+zn([Frequency2243])+zn([Frequency2244])+zn([Frequency2245])+zn([Frequency2246])+zn([Frequency2247])+zn([Frequency2248])+zn([Frequency2249])+zn([Frequency2250])+zn([Frequency2251])+zn([Frequency2252])+zn([Frequency2253])+zn([Frequency2254])+zn([Frequency2255])+zn([Frequency2256])+zn([Frequency2257])+zn([Frequency2258])+zn([Frequency2259])+zn([Frequency2260])+zn([Frequency2261])+zn([Frequency2262])+zn([Frequency2263])+zn([Frequency2264])+zn([Frequency2265])+zn([Frequency2266])+zn([Frequency2267])+zn([Frequency2268])+zn([Frequency2269])+zn([Frequency2270])+zn([Frequency2271])+zn([Frequency2272])+zn([Frequency2273])+zn([Frequency2274])+zn([Frequency2275])+zn([Frequency2276])+zn([Frequency2277])+zn([Frequency2278])+zn([Frequency2279])+zn([Frequency2280])+zn([Frequency2281])+zn([Frequency2282])+zn([Frequency2283])+zn([Frequency2284])+zn([Frequency2285])+zn([Frequency2286])+zn([Frequency2287])+zn([Frequency2288])+zn([Frequency2289])+zn([Frequency2290])+zn([Frequency2291])+zn([Frequency2292])+zn([Frequency2293])+zn([Frequency2294])+zn([Frequency2295])+zn([Frequency2296])+zn([Frequency2297])+zn([Frequency2298])+zn([Frequency2299])+zn([Frequency2300])+zn([Frequency2301])+zn([Frequency2302])+zn([Frequency2303])+zn([Frequency2304])+zn([Frequency2305])+zn([Frequency2306])+zn([Frequency2307])+zn([Frequency2308])+zn([Frequency2309])+zn([Frequency2310])+zn([Frequency2311])+zn([Frequency2312])+zn([Frequency2313])+zn([Frequency2314])+zn([Frequency2315])+zn([Frequency2316])+zn([Frequency2317])+zn([Frequency2318])+zn([Frequency2319])+zn([Frequency2320])+zn([Frequency2321])+zn([Frequency2322])+zn([Frequency2323])+zn([Frequency2324])+zn([Frequency2325])+zn([Frequency2326])+zn([Frequency2327])+zn([Frequency2328])+zn([Frequency2329])+zn([Frequency2330])+zn([Frequency2331])+zn([Frequency2332])+zn([Frequency2333])+zn([Frequency2334])+zn([Frequency2335])+zn([Frequency2336])+zn([Frequency2337])+zn([Frequency2338])+zn([Frequency2339])+zn([Frequency2340])+zn([Frequency2341])+zn([Frequency2342])+zn([Frequency2343])+zn([Frequency2344])+zn([Frequency2345])+zn([Frequency2346])+zn([Frequency2347])+zn([Frequency2348])+zn([Frequency2349])+zn([Frequency2350])+zn([Frequency2351])+zn([Frequency2352])+zn([Frequency2353])+zn([Frequency2354])+zn([Frequency2355])+zn([Frequency2356])+zn([Frequency2357])+zn([Frequency2358])+zn([Frequency2359])+zn([Frequency2360])+zn([Frequency2361])+zn([Frequency2362])+zn([Frequency2363])+zn([Frequency2364])+zn([Frequency2365])+zn([Frequency2366])+zn([Frequency2367])+zn([Frequency2368])+zn([Frequency2369])+zn([Frequency2370])+zn([Frequency2371])+zn([Frequency2372])+zn([Frequency2373])+zn([Frequency2374])+zn([Frequency2375])+zn([Frequency2376])+zn([Frequency2377])+zn([Frequency2378])+zn([Frequency2379])+zn([Frequency2380])+zn([Frequency2381])+zn([Frequency2382])+zn([Frequency2383])+zn([Frequency2384])+zn([Frequency2385])+zn([Frequency2386])+zn([Frequency2387])+zn([Frequency2388])+zn([Frequency2389])+zn([Frequency2390])+zn([Frequency2391])+zn([Frequency2392])+zn([Frequency2393])+zn([Frequency2394])+zn([Frequency2395])+zn([Frequency2396])+zn([Frequency2397])+zn([Frequency2398])+zn([Frequency2399])+zn([Frequency2400])+zn([Frequency2401])+zn([Frequency2402])+zn([Frequency2403])+zn([Frequency2404])+zn([Frequency2405])+zn([Frequency2406])+zn([Frequency2407])+zn([Frequency2408])+zn([Frequency2409])+zn([Frequency2410])+zn([Frequency2411])+zn([Frequency2412])+zn([Frequency2413])+zn([Frequency2414])+zn([Frequency2415])+zn([Frequency2416])+zn([Frequency2417])+zn([Frequency2418])+zn([Frequency2419])+zn([Frequency2420])+zn([Frequency2421])+zn([Frequency2422])+zn([Frequency2423])+zn([Frequency2424])+zn([Frequency2425])+zn([Frequency2426])+zn([Frequency2427])+zn([Frequency2428])+zn([Frequency2429])+zn([Frequency2430])+zn([Frequency2431])+zn([Frequency2432])+zn([Frequency2433])+zn([Frequency2434])+zn([Frequency2435])+zn([Frequency2436])+zn([Frequency2437])+zn([Frequency2438])+zn([Frequency2439])+zn([Frequency2440])+zn([Frequency2441])+zn([Frequency2442])+zn([Frequency2443])+zn([Frequency2444])+zn([Frequency2445])+zn([Frequency2446])+zn([Frequency2447])+zn([Frequency2448])+zn([Frequency2449])+zn([Frequency2450])+zn([Frequency2451])+zn([Frequency2452])+zn([Frequency2453])+zn([Frequency2454])+zn([Frequency2455])+zn([Frequency2456])+zn([Frequency2457])+zn([Frequency2458])+zn([Frequency2459])+zn([Frequency2460])+zn([Frequency2461])+zn([Frequency2462])+zn([Frequency2463])+zn([Frequency2464])+zn([Frequency2465])+zn([Frequency2466])+zn([Frequency2467])+zn([Frequency2468])+zn([Frequency2469])+zn([Frequency2470])+zn([Frequency2471])+zn([Frequency2472])+zn([Frequency2473])+zn([Frequency2474])+zn([Frequency2475])+zn([Frequency2476])+zn([Frequency2477])+zn([Frequency2478])+zn([Frequency2479])+zn([Frequency2480])+zn([Frequency2481])+zn([Frequency2482])+zn([Frequency2483])+zn([Frequency2484])+zn([Frequency2485])+zn([Frequency2486])+zn([Frequency2487])+zn([Frequency2488])+zn([Frequency2489])+zn([Frequency2490])+zn([Frequency2491])+zn([Frequency2492])+zn([Frequency2493])+zn([Frequency2494])+zn([Frequency2495])+zn([Frequency2496])+zn([Frequency2497])+zn([Frequency2498])+zn([Frequency2499])+zn([Frequency2500])+zn([Frequency2501])+zn([Frequency2502])+zn([Frequency2503])+zn([Frequency2504])+zn([Frequency2505])+zn([Frequency2506])+zn([Frequency2507])+zn([Frequency2508])+zn([Frequency2509])+zn([Frequency2510])+zn([Frequency2511])+zn([Frequency2512])+zn([Frequency2513])+zn([Frequency2514])+zn([Frequency2515])+zn([Frequency2516])+zn([Frequency2517])+zn([Frequency2518])+zn([Frequency2519])+zn([Frequency2520])+zn([Frequency2521])+zn([Frequency2522])+zn([Frequency2523])+zn([Frequency2524])+zn([Frequency2525])+zn([Frequency2526])+zn([Frequency2527])+zn([Frequency2528])+zn([Frequency2529])+zn([Frequency2530])+zn([Frequency2531])+zn([Frequency2532])+zn([Frequency2533])+zn([Frequency2534])+zn([Frequency2535])+zn([Frequency2536])+zn([Frequency2537])+zn([Frequency2538])+zn([Frequency2539])+zn([Frequency2540])+zn([Frequency2541])+zn([Frequency2542])+zn([Frequency2543])+zn([Frequency2544])+zn([Frequency2545])+zn([Frequency2546])+zn([Frequency2547])+zn([Frequency2548])+zn([Frequency2549])+zn([Frequency2550])+zn([Frequency2551])+zn([Frequency2552])+zn([Frequency2553])+zn([Frequency2554])+zn([Frequency2555])+zn([Frequency2556])+zn([Frequency2557])+zn([Frequency2558])+zn([Frequency2559])+zn([Frequency2560])+zn([Frequency2561])+zn([Frequency2562])+zn([Frequency2563])+zn([Frequency2564])+zn([Frequency2565])+zn([Frequency2566])+zn([Frequency2567])+zn([Frequency2568])+zn([Frequency2569])+zn([Frequency2570])+zn([Frequency2571])+zn([Frequency2572])+zn([Frequency2573])+zn([Frequency2574])+zn([Frequency2575])+zn([Frequency2576])+zn([Frequency2577])+zn([Frequency2578])+zn([Frequency2579])+zn([Frequency2580])+zn([Frequency2581])+zn([Frequency2582])+zn([Frequency2583])+zn([Frequency2584])+zn([Frequency2585])+zn([Frequency2586])+zn([Frequency2587])+zn([Frequency2588])+zn([Frequency2589])+zn([Frequency2590])+zn([Frequency2591])+zn([Frequency2592])+zn([Frequency2593])+zn([Frequency2594])+zn([Frequency2595])+zn([Frequency2596])+zn([Frequency2597])+zn([Frequency2598])+zn([Frequency2599])+zn([Frequency2600])+zn([Frequency2601])+zn([Frequency2602])+zn([Frequency2603])+zn([Frequency2604])+zn([Frequency2605])+zn([Frequency2606])+zn([Frequency2607])+zn([Frequency2608])+zn([Frequency2609])+zn([Frequency2610])+zn([Frequency2611])+zn([Frequency2612])+zn([Frequency2613])+zn([Frequency2614])+zn([Frequency2615])+zn([Frequency2616])+zn([Frequency2617])+zn([Frequency2618])+zn([Frequency2619])+zn([Frequency2620])+zn([Frequency2621])+zn([Frequency2622])+zn([Frequency2623])+zn([Frequency2624])+zn([Frequency2625])+zn([Frequency2626])+zn([Frequency2627])+zn([Frequency2628])+zn([Frequency2629])+zn([Frequency2630])+zn([Frequency2631])+zn([Frequency2632])+zn([Frequency2633])+zn([Frequency2634])+zn([Frequency2635])+zn([Frequency2636])+zn([Frequency2637])+zn([Frequency2638])+zn([Frequency2639])+zn([Frequency2640])+zn([Frequency2641])+zn([Frequency2642])+zn([Frequency2643])+zn([Frequency2644])+zn([Frequency2645])+zn([Frequency2646])+zn([Frequency2647])+zn([Frequency2648])+zn([Frequency2649])+zn([Frequency2650])+zn([Frequency2651])+zn([Frequency2652])+zn([Frequency2653])+zn([Frequency2654])+zn([Frequency2655])+zn([Frequency2656])+zn([Frequency2657])+zn([Frequency2658])+zn([Frequency2659])+zn([Frequency2660])+zn([Frequency2661])+zn([Frequency2662])+zn([Frequency2663])+zn([Frequency2664])+zn([Frequency2665])+zn([Frequency2666])+zn([Frequency2667])+zn([Frequency2668])+zn([Frequency2669])+zn([Frequency2670])+zn([Frequency2671])+zn([Frequency2672])+zn([Frequency2673])+zn([Frequency2674])+zn([Frequency2675])+zn([Frequency2676])+zn([Frequency2677])+zn([Frequency2678])+zn([Frequency2679])+zn([Frequency2680])+zn([Frequency2681])+zn([Frequency2682])+zn([Frequency2683])+zn([Frequency2684])+zn([Frequency2685])+zn([Frequency2686])+zn([Frequency2687])+zn([Frequency2688])+zn([Frequency2689])+zn([Frequency2690])+zn([Frequency2691])+zn([Frequency2692])+zn([Frequency2693])+zn([Frequency2694])+zn([Frequency2695])+zn([Frequency2696])+zn([Frequency2697])+zn([Frequency2698])+zn([Frequency2699])+zn([Frequency2700])+zn([Frequency2701])+zn([Frequency2702])+zn([Frequency2703])+zn([Frequency2704])+zn([Frequency2705])+zn([Frequency2706])+zn([Frequency2707])+zn([Frequency2708])+zn([Frequency2709])+zn([Frequency2710])+zn([Frequency2711])+zn([Frequency2712])+zn([Frequency2713])+zn([Frequency2714])+zn([Frequency2715])+zn([Frequency2716])+zn([Frequency2717])+zn([Frequency2718])+zn([Frequency2719])+zn([Frequency2720])+zn([Frequency2721])+zn([Frequency2722])+zn([Frequency2723])+zn([Frequency2724])+zn([Frequency2725])+zn([Frequency2726])+zn([Frequency2727])+zn([Frequency2728])+zn([Frequency2729])+zn([Frequency2730])+zn([Frequency2731])+zn([Frequency2732])+zn([Frequency2733])+zn([Frequency2734])+zn([Frequency2735])+zn([Frequency2736])+zn([Frequency2737])+zn([Frequency2738])+zn([Frequency2739])+zn([Frequency2740])+zn([Frequency2741])+zn([Frequency2742])+zn([Frequency2743])+zn([Frequency2744])+zn([Frequency2745])+zn([Frequency2746])+zn([Frequency2747])+zn([Frequency2748])+zn([Frequency2749])+zn([Frequency2750])+zn([Frequency2751])+zn([Frequency2752])+zn([Frequency2753])+zn([Frequency2754])+zn([Frequency2755])+zn([Frequency2756])+zn([Frequency2757])+zn([Frequency2758])+zn([Frequency2759])+zn([Frequency2760])+zn([Frequency2761])+zn([Frequency2762])+zn([Frequency2763])+zn([Frequency2764])+zn([Frequency2765])+zn([Frequency2766])+zn([Frequency2767])+zn([Frequency2768])+zn([Frequency2769])+zn([Frequency2770])+zn([Frequency2771])+zn([Frequency2772])+zn([Frequency2773])+zn([Frequency2774])+zn([Frequency2775])+zn([Frequency2776])+zn([Frequency2777])+zn([Frequency2778])+zn([Frequency2779])+zn([Frequency2780])+zn([Frequency2781])+zn([Frequency2782])+zn([Frequency2783])+zn([Frequency2784])+zn([Frequency2785])+zn([Frequency2786])+zn([Frequency2787])+zn([Frequency2788])+zn([Frequency2789])+zn([Frequency2790])+zn([Frequency2791])+zn([Frequency2792])+zn([Frequency2793])+zn([Frequency2794])+zn([Frequency2795])+zn([Frequency2796])+zn([Frequency2797])+zn([Frequency2798])+zn([Frequency2799])+zn([Frequency2800])+zn([Frequency2801])+zn([Frequency2802])+zn([Frequency2803])+zn([Frequency2804])+zn([Frequency2805])+zn([Frequency2806])+zn([Frequency2807])+zn([Frequency2808])+zn([Frequency2809])+zn([Frequency2810])+zn([Frequency2811])+zn([Frequency2812])+zn([Frequency2813])+zn([Frequency2814])+zn([Frequency2815])+zn([Frequency2816])+zn([Frequency2817])+zn([Frequency2818])+zn([Frequency2819])+zn([Frequency2820])+zn([Frequency2821])+zn([Frequency2822])+zn([Frequency2823])+zn([Frequency2824])+zn([Frequency2825])+zn([Frequency2826])+zn([Frequency2827])+zn([Frequency2828])+zn([Frequency2829])+zn([Frequency2830])+zn([Frequency2831])+zn([Frequency2832])+zn([Frequency2833])+zn([Frequency2834])+zn([Frequency2835])+zn([Frequency2836])+zn([Frequency2837])+zn([Frequency2838])+zn([Frequency2839])+zn([Frequency2840])+zn([Frequency2841])+zn([Frequency2842])+zn([Frequency2843])+zn([Frequency2844])+zn([Frequency2845])+zn([Frequency2846])+zn([Frequency2847])+zn([Frequency2848])+zn([Frequency2849])+zn([Frequency2850])+zn([Frequency2851])+zn([Frequency2852])+zn([Frequency2853])+zn([Frequency2854])+zn([Frequency2855])+zn([Frequency2856])+zn([Frequency2857])+zn([Frequency2858])+zn([Frequency2859])+zn([Frequency2860])+zn([Frequency2861])+zn([Frequency2862])+zn([Frequency2863])+zn([Frequency2864])+zn([Frequency2865])+zn([Frequency2866])+zn([Frequency2867])+zn([Frequency2868])+zn([Frequency2869])+zn([Frequency2870])+zn([Frequency2871])+zn([Frequency2872])+zn([Frequency2873])+zn([Frequency2874])+zn([Frequency2875])+zn([Frequency2876])+zn([Frequency2877])+zn([Frequency2878])+zn([Frequency2879])+zn([Frequency2880])+zn([Frequency2881])+zn([Frequency2882])+zn([Frequency2883])+zn([Frequency2884])+zn([Frequency2885])+zn([Frequency2886])+zn([Frequency2887])+zn([Frequency2888])+zn([Frequency2889])+zn([Frequency2890])+zn([Frequency2891])+zn([Frequency2892])+zn([Frequency2893])+zn([Frequency2894])+zn([Frequency2895])+zn([Frequency2896])+zn([Frequency2897])+zn([Frequency2898])+zn([Frequency2899])+zn([Frequency2900])+zn([Frequency2901])+zn([Frequency2902])+zn([Frequency2903])+zn([Frequency2904])+zn([Frequency2905])+zn([Frequency2906])+zn([Frequency2907])+zn([Frequency2908])+zn([Frequency2909])+zn([Frequency2910])+zn([Frequency2911])+zn([Frequency2912])+zn([Frequency2913])+zn([Frequency2914])+zn([Frequency2915])+zn([Frequency2916])+zn([Frequency2917])+zn([Frequency2918])+zn([Frequency2919])+zn([Frequency2920])+zn([Frequency2921])+zn([Frequency2922])+zn([Frequency2923])+zn([Frequency2924])+zn([Frequency2925])+zn([Frequency2926])+zn([Frequency2927])+zn([Frequency2928])+zn([Frequency2929])+zn([Frequency2930])+zn([Frequency2931])+zn([Frequency2932])+zn([Frequency2933])+zn([Frequency2934])+zn([Frequency2935])+zn([Frequency2936])+zn([Frequency2937])+zn([Frequency2938])+zn([Frequency2939])+zn([Frequency2940])+zn([Frequency2941])+zn([Frequency2942])+zn([Frequency2943])+zn([Frequency2944])+zn([Frequency2945])+zn([Frequency2946])+zn([Frequency2947])+zn([Frequency2948])+zn([Frequency2949])+zn([Frequency2950])+zn([Frequency2951])+zn([Frequency2952])+zn([Frequency2953])+zn([Frequency2954])+zn([Frequency2955])+zn([Frequency2956])+zn([Frequency2957])+zn([Frequency2958])+zn([Frequency2959])+zn([Frequency2960])+zn([Frequency2961])+zn([Frequency2962])+zn([Frequency2963])+zn([Frequency2964])+zn([Frequency2965])+zn([Frequency2966])+zn([Frequency2967])+zn([Frequency2968])+zn([Frequency2969])+zn([Frequency2970])+zn([Frequency2971])+zn([Frequency2972])+zn([Frequency2973])+zn([Frequency2974])+zn([Frequency2975])+zn([Frequency2976])+zn([Frequency2977])+zn([Frequency2978])+zn([Frequency2979])+zn([Frequency2980])+zn([Frequency2981])+zn([Frequency2982])+zn([Frequency2983])+zn([Frequency2984])+zn([Frequency2985])+zn([Frequency2986])+zn([Frequency2987])+zn([Frequency2988])+zn([Frequency2989])+zn([Frequency2990])+zn([Frequency2991])+zn([Frequency2992])+zn([Frequency2993])+zn([Frequency2994])+zn([Frequency2995])+zn([Frequency2996])+zn([Frequency2997])+zn([Frequency2998])+zn([Frequency2999])+zn([Frequency3000])+zn([Frequency3001])+zn([Frequency3002])+zn([Frequency3003])+zn([Frequency3004])+zn([Frequency3005])+zn([Frequency3006])+zn([Frequency3007])+zn([Frequency3008])+zn([Frequency3009])+zn([Frequency3010])+zn([Frequency3011])+zn([Frequency3012])+zn([Frequency3013])+zn([Frequency3014])+zn([Frequency3015])+zn([Frequency3016])+zn([Frequency3017])+zn([Frequency3018])+zn([Frequency3019])+zn([Frequency3020])+zn([Frequency3021])+zn([Frequency3022])+zn([Frequency3023])+zn([Frequency3024])+zn([Frequency3025])+zn([Frequency3026])+zn([Frequency3027])+zn([Frequency3028])+zn([Frequency3029])+zn([Frequency3030])+zn([Frequency3031])+zn([Frequency3032])+zn([Frequency3033])+zn([Frequency3034])+zn([Frequency3035])+zn([Frequency3036])+zn([Frequency3037])+zn([Frequency3038])+zn([Frequency3039])+zn([Frequency3040])+zn([Frequency3041])+zn([Frequency3042])+zn([Frequency3043])+zn([Frequency3044])+zn([Frequency3045])+zn([Frequency3046])+zn([Frequency3047])+zn([Frequency3048])+zn([Frequency3049])+zn([Frequency3050])+zn([Frequency3051])+zn([Frequency3052])+zn([Frequency3053])+zn([Frequency3054])+zn([Frequency3055])+zn([Frequency3056])+zn([Frequency3057])+zn([Frequency3058])+zn([Frequency3059])+zn([Frequency3060])+zn([Frequency3061])+zn([Frequency3062])+zn([Frequency3063])+zn([Frequency3064])+zn([Frequency3065])+zn([Frequency3066])+zn([Frequency3067])+zn([Frequency3068])+zn([Frequency3069])+zn([Frequency3070])+zn([Frequency3071])+zn([Frequency3072])+zn([Frequency3073])+zn([Frequency3074])+zn([Frequency3075])+zn([Frequency3076])+zn([Frequency3077])+zn([Frequency3078])+zn([Frequency3079])+zn([Frequency3080])+zn([Frequency3081])+zn([Frequency3082])+zn([Frequency3083])+zn([Frequency3084])+zn([Frequency3085])+zn([Frequency3086])+zn([Frequency3087])+zn([Frequency3088])+zn([Frequency3089])+zn([Frequency3090])+zn([Frequency3091])+zn([Frequency3092])+zn([Frequency3093])+zn([Frequency3094])+zn([Frequency3095])+zn([Frequency3096])+zn([Frequency3097])+zn([Frequency3098])+zn([Frequency3099])+zn([Frequency3100])+zn([Frequency3101])+zn([Frequency3102])+zn([Frequency3103])+zn([Frequency3104])+zn([Frequency3105])+zn([Frequency3106])+zn([Frequency3107])+zn([Frequency3108])+zn([Frequency3109])+zn([Frequency3110])+zn([Frequency3111])+zn([Frequency3112])+zn([Frequency3113])+zn([Frequency3114])+zn([Frequency3115])+zn([Frequency3116])+zn([Frequency3117])+zn([Frequency3118])+zn([Frequency3119])+zn([Frequency3120])+zn([Frequency3121])+zn([Frequency3122])+zn([Frequency3123])+zn([Frequency3124])+zn([Frequency3125])+zn([Frequency3126])+zn([Frequency3127])+zn([Frequency3128])+zn([Frequency3129])+zn([Frequency3130])+zn([Frequency3131])+zn([Frequency3132])+zn([Frequency3133])+zn([Frequency3134])+zn([Frequency3135])+zn([Frequency3136])+zn([Frequency3137])+zn([Frequency3138])+zn([Frequency3139])+zn([Frequency3140])+zn([Frequency3141])+zn([Frequency3142])+zn([Frequency3143])+zn([Frequency3144])+zn([Frequency3145])+zn([Frequency3146])+zn([Frequency3147])+zn([Frequency3148])+zn([Frequency3149])+zn([Frequency3150])+zn([Frequency3151])+zn([Frequency3152])+zn([Frequency3153])+zn([Frequency3154])+zn([Frequency3155])+zn([Frequency3156])+zn([Frequency3157])+zn([Frequency3158])+zn([Frequency3159])+zn([Frequency3160])+zn([Frequency3161])+zn([Frequency3162])+zn([Frequency3163])+zn([Frequency3164])+zn([Frequency3165])+zn([Frequency3166])+zn([Frequency3167])+zn([Frequency3168])+zn([Frequency3169])+zn([Frequency3170])+zn([Frequency3171])+zn([Frequency3172])+zn([Frequency3173])+zn([Frequency3174])+zn([Frequency3175])+zn([Frequency3176])+zn([Frequency3177])+zn([Frequency3178])+zn([Frequency3179])+zn([Frequency3180])+zn([Frequency3181])+zn([Frequency3182])+zn([Frequency3183])+zn([Frequency3184])+zn([Frequency3185])+zn([Frequency3186])+zn([Frequency3187])+zn([Frequency3188])+zn([Frequency3189])+zn([Frequency3190])+zn([Frequency3191])+zn([Frequency3192])+zn([Frequency3193])+zn([Frequency3194])+zn([Frequency3195])+zn([Frequency3196])+zn([Frequency3197])+zn([Frequency3198])+zn([Frequency3199])+zn([Frequency3200])+zn([Frequency3201])+zn([Frequency3202])+zn([Frequency3203])+zn([Frequency3204])+zn([Frequency3205])+zn([Frequency3206])+zn([Frequency3207])+zn([Frequency3208])+zn([Frequency3209])+zn([Frequency3210])+zn([Frequency3211])+zn([Frequency3212])+zn([Frequency3213])+zn([Frequency3214])+zn([Frequency3215])+zn([Frequency3216])+zn([Frequency3217])+zn([Frequency3218])+zn([Frequency3219])+zn([Frequency3220])+zn([Frequency3221])+zn([Frequency3222])+zn([Frequency3223])+zn([Frequency3224])+zn([Frequency3225])+zn([Frequency3226])+zn([Frequency3227])+zn([Frequency3228])+zn([Frequency3229])+zn([Frequency3230])+zn([Frequency3231])+zn([Frequency3232])+zn([Frequency3233])+zn([Frequency3234])+zn([Frequency3235])+zn([Frequency3236])+zn([Frequency3237])+zn([Frequency3238])+zn([Frequency3239])+zn([Frequency3240])+zn([Frequency3241])+zn([Frequency3242])+zn([Frequency3243])+zn([Frequency3244])+zn([Frequency3245])+zn([Frequency3246])+zn([Frequency3247])+zn([Frequency3248])+zn([Frequency3249])+zn([Frequency3250])+zn([Frequency3251])+zn([Frequency3252])+zn([Frequency3253])+zn([Frequency3254])+zn([Frequency3255])+zn([Frequency3256])+zn([Frequency3257])+zn([Frequency3258])+zn([Frequency3259])+zn([Frequency3260])+zn([Frequency3261])+zn([Frequency3262])+zn([Frequency3263])+zn([Frequency3264])+zn([Frequency3265])+zn([Frequency3266])+zn([Frequency3267])+zn([Frequency3268])+zn([Frequency3269])+zn([Frequency3270])+zn([Frequency3271])+zn([Frequency3272])+zn([Frequency3273])+zn([Frequency3274])+zn([Frequency3275])+zn([Frequency3276])+zn([Frequency3277])+zn([Frequency3278])+zn([Frequency3279])+zn([Frequency3280])+zn([Frequency3281])+zn([Frequency3282])+zn([Frequency3283])+zn([Frequency3284])+zn([Frequency3285])+zn([Frequency3286])+zn([Frequency3287])+zn([Frequency3288])+zn([Frequency3289])+zn([Frequency3290])+zn([Frequency3291])+zn([Frequency3292])+zn([Frequency3293])+zn([Frequency3294])+zn([Frequency3295])+zn([Frequency3296])+zn([Frequency3297])+zn([Frequency3298])+zn([Frequency3299])+zn([Frequency3300])+zn([Frequency3301])+zn([Frequency3302])+zn([Frequency3303])+zn([Frequency3304])+zn([Frequency3305])+zn([Frequency3306])+zn([Frequency3307])+zn([Frequency3308])+zn([Frequency3309])+zn([Frequency3310])+zn([Frequency3311])+zn([Frequency3312])+zn([Frequency3313])+zn([Frequency3314])+zn([Frequency3315])+zn([Frequency3316])+zn([Frequency3317])+zn([Frequency3318])+zn([Frequency3319])+zn([Frequency3320])+zn([Frequency3321])+zn([Frequency3322])+zn([Frequency3323])+zn([Frequency3324])+zn([Frequency3325])+zn([Frequency3326])+zn([Frequency3327])+zn([Frequency3328])+zn([Frequency3329])+zn([Frequency3330])+zn([Frequency3331])+zn([Frequency3332])+zn([Frequency3333])+zn([Frequency3334])+zn([Frequency3335])+zn([Frequency3336])+zn([Frequency3337])+zn([Frequency3338])+zn([Frequency3339])+zn([Frequency3340])+zn([Frequency3341])+zn([Frequency3342])+zn([Frequency3343])+zn([Frequency3344])+zn([Frequency3345])+zn([Frequency3346])+zn([Frequency3347])+zn([Frequency3348])+zn([Frequency3349])+zn([Frequency3350])+zn([Frequency3351])+zn([Frequency3352])+zn([Frequency3353])+zn([Frequency3354])+zn([Frequency3355])+zn([Frequency3356])+zn([Frequency3357])+zn([Frequency3358])+zn([Frequency3359])+zn([Frequency3360])+zn([Frequency3361])+zn([Frequency3362])+zn([Frequency3363])+zn([Frequency3364])+zn([Frequency3365])+zn([Frequency3366])+zn([Frequency3367])+zn([Frequency3368])+zn([Frequency3369])+zn([Frequency3370])+zn([Frequency3371])+zn([Frequency3372])+zn([Frequency3373])+zn([Frequency3374])+zn([Frequency3375])+zn([Frequency3376])+zn([Frequency3377])+zn([Frequency3378])+zn([Frequency3379])+zn([Frequency3380])+zn([Frequency3381])+zn([Frequency3382])+zn([Frequency3383])+zn([Frequency3384])+zn([Frequency3385])+zn([Frequency3386])+zn([Frequency3387])+zn([Frequency3388])+zn([Frequency3389])+zn([Frequency3390])+zn([Frequency3391])+zn([Frequency3392])+zn([Frequency3393])+zn([Frequency3394])+zn([Frequency3395])+zn([Frequency3396])+zn([Frequency3397])+zn([Frequency3398])+zn([Frequency3399])+zn([Frequency3400])+zn([Frequency3401])+zn([Frequency3402])+zn([Frequency3403])+zn([Frequency3404])+zn([Frequency3405])+zn([Frequency3406])+zn([Frequency3407])+zn([Frequency3408])+zn([Frequency3409])+zn([Frequency3410])+zn([Frequency3411])+zn([Frequency3412])+zn([Frequency3413])+zn([Frequency3414])+zn([Frequency3415])+zn([Frequency3416])+zn([Frequency3417])+zn([Frequency3418])+zn([Frequency3419])+zn([Frequency3420])+zn([Frequency3421])+zn([Frequency3422])+zn([Frequency3423])+zn([Frequency3424])+zn([Frequency3425])+zn([Frequency3426])+zn([Frequency3427])+zn([Frequency3428])+zn([Frequency3429])+zn([Frequency3430])+zn([Frequency3431])+zn([Frequency3432])+zn([Frequency3433])+zn([Frequency3434])+zn([Frequency3435])+zn([Frequency3436])+zn([Frequency3437])+zn([Frequency3438])+zn([Frequency3439])+zn([Frequency3440])+zn([Frequency3441])+zn([Frequency3442])+zn([Frequency3443])+zn([Frequency3444])+zn([Frequency3445])+zn([Frequency3446])+zn([Frequency3447])+zn([Frequency3448])+zn([Frequency3449])+zn([Frequency3450])+zn([Frequency3451])+zn([Frequency3452])+zn([Frequency3453])+zn([Frequency3454])+zn([Frequency3455])+zn([Frequency3456])+zn([Frequency3457])+zn([Frequency3458])+zn([Frequency3459])+zn([Frequency3460])+zn([Frequency3461])+zn([Frequency3462])+zn([Frequency3463])+zn([Frequency3464])+zn([Frequency3465])+zn([Frequency3466])+zn([Frequency3467])+zn([Frequency3468])+zn([Frequency3469])+zn([Frequency3470])+zn([Frequency3471])+zn([Frequency3472])+zn([Frequency3473])+zn([Frequency3474])+zn([Frequency3475])+zn([Frequency3476])+zn([Frequency3477])+zn([Frequency3478])+zn([Frequency3479])+zn([Frequency3480])+zn([Frequency3481])+zn([Frequency3482])+zn([Frequency3483])+zn([Frequency3484])+zn([Frequency3485])+zn([Frequency3486])+zn([Frequency3487])+zn([Frequency3488])+zn([Frequency3489])+zn([Frequency3490])+zn([Frequency3491])+zn([Frequency3492])+zn([Frequency3493])+zn([Frequency3494])+zn([Frequency3495])+zn([Frequency3496])+zn([Frequency3497])+zn([Frequency3498])+zn([Frequency3499])+zn([Frequency3500])+zn([Frequency3501])+zn([Frequency3502])+zn([Frequency3503])+zn([Frequency3504])+zn([Frequency3505])+zn([Frequency3506])+zn([Frequency3507])+zn([Frequency3508])+zn([Frequency3509])+zn([Frequency3510])+zn([Frequency3511])+zn([Frequency3512])+zn([Frequency3513])+zn([Frequency3514])+zn([Frequency3515])+zn([Frequency3516])+zn([Frequency3517])+zn([Frequency3518])+zn([Frequency3519])+zn([Frequency3520])+zn([Frequency3521])+zn([Frequency3522])+zn([Frequency3523])+zn([Frequency3524])+zn([Frequency3525])+zn([Frequency3526])+zn([Frequency3527])+zn([Frequency3528])+zn([Frequency3529])+zn([Frequency3530])+zn([Frequency3531])+zn([Frequency3532])+zn([Frequency3533])+zn([Frequency3534])+zn([Frequency3535])+zn([Frequency3536])+zn([Frequency3537])+zn([Frequency3538])+zn([Frequency3539])+zn([Frequency3540])+zn([Frequency3541])+zn([Frequency3542])+zn([Frequency3543])+zn([Frequency3544])+zn([Frequency3545])+zn([Frequency3546])+zn([Frequency3547])+zn([Frequency3548])+zn([Frequency3549])+zn([Frequency3550])+zn([Frequency3551])+zn([Frequency3552])+zn([Frequency3553])+zn([Frequency3554])+zn([Frequency3555])+zn([Frequency3556])+zn([Frequency3557])+zn([Frequency3558])+zn([Frequency3559])+zn([Frequency3560])+zn([Frequency3561])+zn([Frequency3562])+zn([Frequency3563])+zn([Frequency3564])+zn([Frequency3565])+zn([Frequency3566])+zn([Frequency3567])+zn([Frequency3568])+zn([Frequency3569])+zn([Frequency3570])+zn([Frequency3571])+zn([Frequency3572])+zn([Frequency3573])+zn([Frequency3574])+zn([Frequency3575])+zn([Frequency3576])+zn([Frequency3577])+zn([Frequency3578])+zn([Frequency3579])+zn([Frequency3580])+zn([Frequency3581])+zn([Frequency3582])+zn([Frequency3583])+zn([Frequency3584])+zn([Frequency3585])+zn([Frequency3586])+zn([Frequency3587])+zn([Frequency3588])+zn([Frequency3589])+zn([Frequency3590])+zn([Frequency3591])+zn([Frequency3592])+zn([Frequency3593])+zn([Frequency3594])+zn([Frequency3595])+zn([Frequency3596])+zn([Frequency3597])+zn([Frequency3598])+zn([Frequency3599])+zn([Frequency3600])+zn([Frequency3601])+zn([Frequency3602])+zn([Frequency3603])+zn([Frequency3604])+zn([Frequency3605])+zn([Frequency3606])+zn([Frequency3607])+zn([Frequency3608])+zn([Frequency3609])+zn([Frequency3610])+zn([Frequency3611])+zn([Frequency3612])+zn([Frequency3613])+zn([Frequency3614])+zn([Frequency3615])+zn([Frequency3616])+zn([Frequency3617])+zn([Frequency3618])+zn([Frequency3619])+zn([Frequency3620])+zn([Frequency3621])+zn([Frequency3622])+zn([Frequency3623])+zn([Frequency3624])+zn([Frequency3625])+zn([Frequency3626])+zn([Frequency3627])+zn([Frequency3628])+zn([Frequency3629])+zn([Frequency3630])+zn([Frequency3631])+zn([Frequency3632])+zn([Frequency3633])+zn([Frequency3634])+zn([Frequency3635])+zn([Frequency3636])+zn([Frequency3637])+zn([Frequency3638])+zn([Frequency3639])+zn([Frequency3640])+zn([Frequency3641])+zn([Frequency3642])+zn([Frequency3643])+zn([Frequency3644])+zn([Frequency3645])+zn([Frequency3646])+zn([Frequency3647])+zn([Frequency3648])+zn([Frequency3649])+zn([Frequency3650])+zn([Frequency3651])+zn([Frequency3652])+zn([Frequency3653])+zn([Frequency3654])+zn([Frequency3655])+zn([Frequency3656])+zn([Frequency3657])+zn([Frequency3658])+zn([Frequency3659])+zn([Frequency3660])+zn([Frequency3661])+zn([Frequency3662])+zn([Frequency3663])+zn([Frequency3664])+zn([Frequency3665])+zn([Frequency3666])+zn([Frequency3667])+zn([Frequency3668])+zn([Frequency3669])+zn([Frequency3670])+zn([Frequency3671])+zn([Frequency3672])+zn([Frequency3673])+zn([Frequency3674])+zn([Frequency3675])+zn([Frequency3676])+zn([Frequency3677])+zn([Frequency3678])+zn([Frequency3679])+zn([Frequency3680])+zn([Frequency3681])+zn([Frequency3682])+zn([Frequency3683])+zn([Frequency3684])+zn([Frequency3685])+zn([Frequency3686])+zn([Frequency3687])+zn([Frequency3688])+zn([Frequency3689])+zn([Frequency3690])+zn([Frequency3691])+zn([Frequency3692])+zn([Frequency3693])+zn([Frequency3694])+zn([Frequency3695])+zn([Frequency3696])+zn([Frequency3697])+zn([Frequency3698])+zn([Frequency3699])+zn([Frequency3700])+zn([Frequency3701])+zn([Frequency3702])+zn([Frequency3703])+zn([Frequency3704])+zn([Frequency3705])+zn([Frequency3706])+zn([Frequency3707])+zn([Frequency3708])+zn([Frequency3709])+zn([Frequency3710])+zn([Frequency3711])+zn([Frequency3712])+zn([Frequency3713])+zn([Frequency3714])+zn([Frequency3715])+zn([Frequency3716])+zn([Frequency3717])+zn([Frequency3718])+zn([Frequency3719])+zn([Frequency3720])+zn([Frequency3721])+zn([Frequency3722])+zn([Frequency3723])+zn([Frequency3724])+zn([Frequency3725])+zn([Frequency3726])+zn([Frequency3727])+zn([Frequency3728])+zn([Frequency3729])+zn([Frequency3730])+zn([Frequency3731])+zn([Frequency3732])+zn([Frequency3733])+zn([Frequency3734])+zn([Frequency3735])+zn([Frequency3736])+zn([Frequency3737])+zn([Frequency3738])+zn([Frequency3739])+zn([Frequency3740])+zn([Frequency3741])+zn([Frequency3742])+zn([Frequency3743])+zn([Frequency3744])+zn([Frequency3745])+zn([Frequency3746])+zn([Frequency3747])+zn([Frequency3748])+zn([Frequency3749])+zn([Frequency3750])+zn([Frequency3751])+zn([Frequency3752])+zn([Frequency3753])+zn([Frequency3754])+zn([Frequency3755])+zn([Frequency3756])+zn([Frequency3757])+zn([Frequency3758])+zn([Frequency3759])+zn([Frequency3760])+zn([Frequency3761])+zn([Frequency3762])+zn([Frequency3763])+zn([Frequency3764])+zn([Frequency3765])+zn([Frequency3766])+zn([Frequency3767])+zn([Frequency3768])+zn([Frequency3769])+zn([Frequency3770])+zn([Frequency3771])+zn([Frequency3772])+zn([Frequency3773])+zn([Frequency3774])+zn([Frequency3775])+zn([Frequency3776])+zn([Frequency3777])+zn([Frequency3778])+zn([Frequency3779])+zn([Frequency3780])+zn([Frequency3781])+zn([Frequency3782])+zn([Frequency3783])+zn([Frequency3784])+zn([Frequency3785])+zn([Frequency3786])+zn([Frequency3787])+zn([Frequency3788])+zn([Frequency3789])+zn([Frequency3790])+zn([Frequency3791])+zn([Frequency3792])+zn([Frequency3793])+zn([Frequency3794])+zn([Frequency3795])+zn([Frequency3796])+zn([Frequency3797])+zn([Frequency3798])+zn([Frequency3799])+zn([Frequency3800])+zn([Frequency3801])+zn([Frequency3802])+zn([Frequency3803])+zn([Frequency3804])+zn([Frequency3805])+zn([Frequency3806])+zn([Frequency3807])+zn([Frequency3808])+zn([Frequency3809])+zn([Frequency3810])+zn([Frequency3811])+zn([Frequency3812])+zn([Frequency3813])+zn([Frequency3814])+zn([Frequency3815])+zn([Frequency3816])+zn([Frequency3817])+zn([Frequency3818])+zn([Frequency3819])+zn([Frequency3820])+zn([Frequency3821])+zn([Frequency3822])+zn([Frequency3823])+zn([Frequency3824])+zn([Frequency3825])+zn([Frequency3826])+zn([Frequency3827])+zn([Frequency3828])+zn([Frequency3829])+zn([Frequency3830])+zn([Frequency3831])+zn([Frequency3832])+zn([Frequency3833])+zn([Frequency3834])+zn([Frequency3835])+zn([Frequency3836])+zn([Frequency3837])+zn([Frequency3838])+zn([Frequency3839])+zn([Frequency3840])+zn([Frequency3841])+zn([Frequency3842])+zn([Frequency3843])+zn([Frequency3844])+zn([Frequency3845])+zn([Frequency3846])+zn([Frequency3847])+zn([Frequency3848])+zn([Frequency3849])+zn([Frequency3850])+zn([Frequency3851])+zn([Frequency3852])+zn([Frequency3853])+zn([Frequency3854])+zn([Frequency3855])+zn([Frequency3856])+zn([Frequency3857])+zn([Frequency3858])+zn([Frequency3859])+zn([Frequency3860])+zn([Frequency3861])+zn([Frequency3862])+zn([Frequency3863])+zn([Frequency3864])+zn([Frequency3865])+zn([Frequency3866])+zn([Frequency3867])+zn([Frequency3868])+zn([Frequency3869])+zn([Frequency3870])+zn([Frequency3871])+zn([Frequency3872])+zn([Frequency3873])+zn([Frequency3874])+zn([Frequency3875])+zn([Frequency3876])+zn([Frequency3877])+zn([Frequency3878])+zn([Frequency3879])+zn([Frequency3880])+zn([Frequency3881])+zn([Frequency3882])+zn([Frequency3883])+zn([Frequency3884])+zn([Frequency3885])+zn([Frequency3886])+zn([Frequency3887])+zn([Frequency3888])+zn([Frequency3889])+zn([Frequency3890])+zn([Frequency3891])+zn([Frequency3892])+zn([Frequency3893])+zn([Frequency3894])+zn([Frequency3895])+zn([Frequency3896])+zn([Frequency3897])+zn([Frequency3898])+zn([Frequency3899])+zn([Frequency3900])+zn([Frequency3901])+zn([Frequency3902])+zn([Frequency3903])+zn([Frequency3904])+zn([Frequency3905])+zn([Frequency3906])+zn([Frequency3907])+zn([Frequency3908])+zn([Frequency3909])+zn([Frequency3910])+zn([Frequency3911])+zn([Frequency3912])+zn([Frequency3913])+zn([Frequency3914])+zn([Frequency3915])+zn([Frequency3916])+zn([Frequency3917])+zn([Frequency3918])+zn([Frequency3919])+zn([Frequency3920])+zn([Frequency3921])+zn([Frequency3922])+zn([Frequency3923])+zn([Frequency3924])+zn([Frequency3925])+zn([Frequency3926])+zn([Frequency3927])+zn([Frequency3928])+zn([Frequency3929])+zn([Frequency3930])+zn([Frequency3931])+zn([Frequency3932])+zn([Frequency3933])+zn([Frequency3934])+zn([Frequency3935])+zn([Frequency3936])+zn([Frequency3937])+zn([Frequency3938])+zn([Frequency3939])+zn([Frequency3940])+zn([Frequency3941])+zn([Frequency3942])+zn([Frequency3943])+zn([Frequency3944])+zn([Frequency3945])+zn([Frequency3946])+zn([Frequency3947])+zn([Frequency3948])+zn([Frequency3949])+zn([Frequency3950])+zn([Frequency3951])+zn([Frequency3952])+zn([Frequency3953])+zn([Frequency3954])+zn([Frequency3955])+zn([Frequency3956])+zn([Frequency3957])+zn([Frequency3958])+zn([Frequency3959])+zn([Frequency3960])+zn([Frequency3961])+zn([Frequency3962])+zn([Frequency3963])+zn([Frequency3964])+zn([Frequency3965])+zn([Frequency3966])+zn([Frequency3967])+zn([Frequency3968])+zn([Frequency3969])+zn([Frequency3970])+zn([Frequency3971])+zn([Frequency3972])+zn([Frequency3973])+zn([Frequency3974])+zn([Frequency3975])+zn([Frequency3976])+zn([Frequency3977])+zn([Frequency3978])+zn([Frequency3979])+zn([Frequency3980])+zn([Frequency3981])+zn([Frequency3982])+zn([Frequency3983])+zn([Frequency3984])+zn([Frequency3985])+zn([Frequency3986])+zn([Frequency3987])+zn([Frequency3988])+zn([Frequency3989])+zn([Frequency3990])+zn([Frequency3991])+zn([Frequency3992])+zn([Frequency3993])+zn([Frequency3994])+zn([Frequency3995])+zn([Frequency3996])+zn([Frequency3997])+zn([Frequency3998])+zn([Frequency3999])+zn([Frequency4000])+zn([Frequency4001])+zn([Frequency4002])+zn([Frequency4003])+zn([Frequency4004])+zn([Frequency4005])+zn([Frequency4006])+zn([Frequency4007])+zn([Frequency4008])+zn([Frequency4009])+zn([Frequency4010])+zn([Frequency4011])+zn([Frequency4012])+zn([Frequency4013])+zn([Frequency4014])+zn([Frequency4015])+zn([Frequency4016])+zn([Frequency4017])+zn([Frequency4018])+zn([Frequency4019])+zn([Frequency4020])+zn([Frequency4021])+zn([Frequency4022])+zn([Frequency4023])+zn([Frequency4024])+zn([Frequency4025])+zn([Frequency4026])+zn([Frequency4027])+zn([Frequency4028])+zn([Frequency4029])+zn([Frequency4030])+zn([Frequency4031])+zn([Frequency4032])+zn([Frequency4033])+zn([Frequency4034])+zn([Frequency4035])+zn([Frequency4036])+zn([Frequency4037])+zn([Frequency4038])+zn([Frequency4039])+zn([Frequency4040])+zn([Frequency4041])+zn([Frequency4042])+zn([Frequency4043])+zn([Frequency4044])+zn([Frequency4045])+zn([Frequency4046])+zn([Frequency4047])+zn([Frequency4048])+zn([Frequency4049])+zn([Frequency4050])+zn([Frequency4051])+zn([Frequency4052])+zn([Frequency4053])+zn([Frequency4054])+zn([Frequency4055])+zn([Frequency4056])+zn([Frequency4057])+zn([Frequency4058])+zn([Frequency4059])+zn([Frequency4060])+zn([Frequency4061])+zn([Frequency4062])+zn([Frequency4063])+zn([Frequency4064])+zn([Frequency4065])+zn([Frequency4066])+zn([Frequency4067])+zn([Frequency4068])+zn([Frequency4069])+zn([Frequency4070])+zn([Frequency4071])+zn([Frequency4072])+zn([Frequency4073])+zn([Frequency4074])+zn([Frequency4075])+zn([Frequency4076])+zn([Frequency4077])+zn([Frequency4078])+zn([Frequency4079])+zn([Frequency4080])+zn([Frequency4081])+zn([Frequency4082])+zn([Frequency4083])+zn([Frequency4084])+zn([Frequency4085])+zn([Frequency4086])+zn([Frequency4087])+zn([Frequency4088])+zn([Frequency4089])+zn([Frequency4090])+zn([Frequency4091])+zn([Frequency4092])+zn([Frequency4093])+zn([Frequency4094])+zn([Frequency4095])+zn([Frequency4096])+zn([Frequency4097])+zn([Frequency4098])+zn([Frequency4099])+zn([Frequency4100])+zn([Frequency4101])+zn([Frequency4102])+zn([Frequency4103])+zn([Frequency4104])+zn([Frequency4105])+zn([Frequency4106])+zn([Frequency4107])+zn([Frequency4108])+zn([Frequency4109])+zn([Frequency4110])+zn([Frequency4111])+zn([Frequency4112])+zn([Frequency4113])+zn([Frequency4114])+zn([Frequency4115])+zn([Frequency4116])+zn([Frequency4117])+zn([Frequency4118])+zn([Frequency4119])+zn([Frequency4120])+zn([Frequency4121])+zn([Frequency4122])+zn([Frequency4123])+zn([Frequency4124])+zn([Frequency4125])+zn([Frequency4126])+zn([Frequency4127])+zn([Frequency4128])+zn([Frequency4129])+zn([Frequency4130])+zn([Frequency4131])+zn([Frequency4132])+zn([Frequency4133])+zn([Frequency4134])+zn([Frequency4135])+zn([Frequency4136])+zn([Frequency4137])+zn([Frequency4138])+zn([Frequency4139])+zn([Frequency4140])+zn([Frequency4141])+zn([Frequency4142])+zn([Frequency4143])+zn([Frequency4144])+zn([Frequency4145])+zn([Frequency4146])+zn([Frequency4147])+zn([Frequency4148])+zn([Frequency4149])+zn([Frequency4150])+zn([Frequency4151])+zn([Frequency4152])+zn([Frequency4153])+zn([Frequency4154])+zn([Frequency4155])+zn([Frequency4156])+zn([Frequency4157])+zn([Frequency4158])+zn([Frequency4159])+zn([Frequency4160])+zn([Frequency4161])+zn([Frequency4162])+zn([Frequency4163])+zn([Frequency4164])+zn([Frequency4165])+zn([Frequency4166])+zn([Frequency4167])+zn([Frequency4168])+zn([Frequency4169])+zn([Frequency4170])+zn([Frequency4171])+zn([Frequency4172])+zn([Frequency4173])+zn([Frequency4174])+zn([Frequency4175])+zn([Frequency4176])+zn([Frequency4177])+zn([Frequency4178])+zn([Frequency4179])+zn([Frequency4180])+zn([Frequency4181])+zn([Frequency4182])+zn([Frequency4183])+zn([Frequency4184])+zn([Frequency4185])+zn([Frequency4186])+zn([Frequency4187])+zn([Frequency4188])+zn([Frequency4189])+zn([Frequency4190])+zn([Frequency4191])+zn([Frequency4192])+zn([Frequency4193])+zn([Frequency4194])+zn([Frequency4195])+zn([Frequency4196])+zn([Frequency4197])+zn([Frequency4198])+zn([Frequency4199])+zn([Frequency4200])+zn([Frequency4201])+zn([Frequency4202])+zn([Frequency4203])+zn([Frequency4204])+zn([Frequency4205])+zn([Frequency4206])+zn([Frequency4207])+zn([Frequency4208])+zn([Frequency4209])+zn([Frequency4210])+zn([Frequency4211])+zn([Frequency4212])+zn([Frequency4213])+zn([Frequency4214])+zn([Frequency4215])+zn([Frequency4216])+zn([Frequency4217])+zn([Frequency4218])+zn([Frequency4219])+zn([Frequency4220])+zn([Frequency4221])+zn([Frequency4222])+zn([Frequency4223])+zn([Frequency4224])+zn([Frequency4225])+zn([Frequency4226])+zn([Frequency4227])+zn([Frequency4228])+zn([Frequency4229])+zn([Frequency4230])+zn([Frequency4231])+zn([Frequency4232])+zn([Frequency4233])+zn([Frequency4234])+zn([Frequency4235])+zn([Frequency4236])+zn([Frequency4237])+zn([Frequency4238])+zn([Frequency4239])+zn([Frequency4240])+zn([Frequency4241])+zn([Frequency4242])+zn([Frequency4243])+zn([Frequency4244])+zn([Frequency4245])+zn([Frequency4246])+zn([Frequency4247])+zn([Frequency4248])+zn([Frequency4249])+zn([Frequency4250])+zn([Frequency4251])+zn([Frequency4252])+zn([Frequency4253])+zn([Frequency4254])+zn([Frequency4255])+zn([Frequency4256])+zn([Frequency4257])+zn([Frequency4258])+zn([Frequency4259])+zn([Frequency4260])+zn([Frequency4261])+zn([Frequency4262])+zn([Frequency4263])+zn([Frequency4264])+zn([Frequency4265])+zn([Frequency4266])+zn([Frequency4267])+zn([Frequency4268])+zn([Frequency4269])+zn([Frequency4270])+zn([Frequency4271])+zn([Frequency4272])+zn([Frequency4273])+zn([Frequency4274])+zn([Frequency4275])+zn([Frequency4276])+zn([Frequency4277])+zn([Frequency4278])+zn([Frequency4279])+zn([Frequency4280])+zn([Frequency4281])+zn([Frequency4282])+zn([Frequency4283])+zn([Frequency4284])+zn([Frequency4285])+zn([Frequency4286])+zn([Frequency4287])+zn([Frequency4288])+zn([Frequency4289])+zn([Frequency4290])+zn([Frequency4291])+zn([Frequency4292])+zn([Frequency4293])+zn([Frequency4294])+zn([Frequency4295])+zn([Frequency4296])+zn([Frequency4297])+zn([Frequency4298])+zn([Frequency4299])+zn([Frequency4300])+zn([Frequency4301])+zn([Frequency4302])+zn([Frequency4303])+zn([Frequency4304])+zn([Frequency4305])+zn([Frequency4306])+zn([Frequency4307])+zn([Frequency4308])+zn([Frequency4309])+zn([Frequency4310])+zn([Frequency4311])+zn([Frequency4312])+zn([Frequency4313])+zn([Frequency4314])+zn([Frequency4315])+zn([Frequency4316])+zn([Frequency4317])+zn([Frequency4318])+zn([Frequency4319])+zn([Frequency4320])+zn([Frequency4321])+zn([Frequency4322])+zn([Frequency4323])+zn([Frequency4324])+zn([Frequency4325])+zn([Frequency4326])+zn([Frequency4327])+zn([Frequency4328])+zn([Frequency4329])+zn([Frequency4330])+zn([Frequency4331])+zn([Frequency4332])+zn([Frequency4333])+zn([Frequency4334])+zn([Frequency4335])+zn([Frequency4336])+zn([Frequency4337])+zn([Frequency4338])+zn([Frequency4339])+zn([Frequency4340])+zn([Frequency4341])+zn([Frequency4342])+zn([Frequency4343])+zn([Frequency4344])+zn([Frequency4345])+zn([Frequency4346])+zn([Frequency4347])+zn([Frequency4348])+zn([Frequency4349])+zn([Frequency4350])+zn([Frequency4351])+zn([Frequency4352])+zn([Frequency4353])+zn([Frequency4354])+zn([Frequency4355])+zn([Frequency4356])+zn([Frequency4357])+zn([Frequency4358])+zn([Frequency4359])+zn([Frequency4360])+zn([Frequency4361])+zn([Frequency4362])+zn([Frequency4363])+zn([Frequency4364])+zn([Frequency4365])+zn([Frequency4366])+zn([Frequency4367])+zn([Frequency4368])+zn([Frequency4369])+zn([Frequency4370])+zn([Frequency4371])+zn([Frequency4372])+zn([Frequency4373])+zn([Frequency4374])+zn([Frequency4375])+zn([Frequency4376])+zn([Frequency4377])+zn([Frequency4378])+zn([Frequency4379])+zn([Frequency4380])+zn([Frequency4381])+zn([Frequency4382])+zn([Frequency4383])+zn([Frequency4384])+zn([Frequency4385])+zn([Frequency4386])+zn([Frequency4387])+zn([Frequency4388])+zn([Frequency4389])+zn([Frequency4390])+zn([Frequency4391])+zn([Frequency4392])+zn([Frequency4393])+zn([Frequency4394])+zn([Frequency4395])+zn([Frequency4396])+zn([Frequency4397])+zn([Frequency4398])+zn([Frequency4399])+zn([Frequency4400])+zn([Frequency4401])+zn([Frequency4402])+zn([Frequency4403])+zn([Frequency4404])+zn([Frequency4405])+zn([Frequency4406])+zn([Frequency4407])+zn([Frequency4408])+zn([Frequency4409])+zn([Frequency4410])+zn([Frequency4411])+zn([Frequency4412])+zn([Frequency4413])+zn([Frequency4414])+zn([Frequency4415])+zn([Frequency4416])+zn([Frequency4417])+zn([Frequency4418])+zn([Frequency4419])+zn([Frequency4420])+zn([Frequency4421])+zn([Frequency4422])+zn([Frequency4423])+zn([Frequency4424])+zn([Frequency4425])+zn([Frequency4426])+zn([Frequency4427])+zn([Frequency4428])+zn([Frequency4429])+zn([Frequency4430])+zn([Frequency4431])+zn([Frequency4432])+zn([Frequency4433])+zn([Frequency4434])+zn([Frequency4435])+zn([Frequency4436])+zn([Frequency4437])+zn([Frequency4438])+zn([Frequency4439])+zn([Frequency4440])+zn([Frequency4441])+zn([Frequency4442])+zn([Frequency4443])+zn([Frequency4444])+zn([Frequency4445])+zn([Frequency4446])+zn([Frequency4447])+zn([Frequency4448])+zn([Frequency4449])+zn([Frequency4450])+zn([Frequency4451])+zn([Frequency4452])+zn([Frequency4453])+zn([Frequency4454])+zn([Frequency4455])+zn([Frequency4456])+zn([Frequency4457])+zn([Frequency4458])+zn([Frequency4459])+zn([Frequency4460])+zn([Frequency4461])+zn([Frequency4462])+zn([Frequency4463])+zn([Frequency4464])+zn([Frequency4465])+zn([Frequency4466])+zn([Frequency4467])+zn([Frequency4468])+zn([Frequency4469])+zn([Frequency4470])+zn([Frequency4471])+zn([Frequency4472])+zn([Frequency4473])+zn([Frequency4474])+zn([Frequency4475])+zn([Frequency4476])+zn([Frequency4477])+zn([Frequency4478])+zn([Frequency4479])+zn([Frequency4480])+zn([Frequency4481])+zn([Frequency4482])+zn([Frequency4483])+zn([Frequency4484])+zn([Frequency4485])+zn([Frequency4486])+zn([Frequency4487])+zn([Frequency4488])+zn([Frequency4489])+zn([Frequency4490])+zn([Frequency4491])+zn([Frequency4492])+zn([Frequency4493])+zn([Frequency4494])+zn([Frequency4495])+zn([Frequency4496])+zn([Frequency4497])+zn([Frequency4498])+zn([Frequency4499])+zn([Frequency4500])+zn([Frequency4501])+zn([Frequency4502])+zn([Frequency4503])+zn([Frequency4504])+zn([Frequency4505])+zn([Frequency4506])+zn([Frequency4507])+zn([Frequency4508])+zn([Frequency4509])+zn([Frequency4510])+zn([Frequency4511])+zn([Frequency4512])+zn([Frequency4513])+zn([Frequency4514])+zn([Frequency4515])+zn([Frequency4516])+zn([Frequency4517])+zn([Frequency4518])+zn([Frequency4519])+zn([Frequency4520])+zn([Frequency4521])+zn([Frequency4522])+zn([Frequency4523])+zn([Frequency4524])+zn([Frequency4525])+zn([Frequency4526])+zn([Frequency4527])+zn([Frequency4528])+zn([Frequency4529])+zn([Frequency4530])+zn([Frequency4531])+zn([Frequency4532])+zn([Frequency4533])+zn([Frequency4534])+zn([Frequency4535])+zn([Frequency4536])+zn([Frequency4537])+zn([Frequency4538])+zn([Frequency4539])+zn([Frequency4540])+zn([Frequency4541])+zn([Frequency4542])+zn([Frequency4543])+zn([Frequency4544])+zn([Frequency4545])+zn([Frequency4546])+zn([Frequency4547])+zn([Frequency4548])+zn([Frequency4549])+zn([Frequency4550])+zn([Frequency4551])+zn([Frequency4552])+zn([Frequency4553])+zn([Frequency4554])+zn([Frequency4555])+zn([Frequency4556])+zn([Frequency4557])+zn([Frequency4558])+zn([Frequency4559])+zn([Frequency4560])+zn([Frequency4561])+zn([Frequency4562])+zn([Frequency4563])+zn([Frequency4564])+zn([Frequency4565])+zn([Frequency4566])+zn([Frequency4567])+zn([Frequency4568])+zn([Frequency4569])+zn([Frequency4570])+zn([Frequency4571])+zn([Frequency4572])+zn([Frequency4573])+zn([Frequency4574])+zn([Frequency4575])+zn([Frequency4576])+zn([Frequency4577])+zn([Frequency4578])+zn([Frequency4579])+zn([Frequency4580])+zn([Frequency4581])+zn([Frequency4582])+zn([Frequency4583])+zn([Frequency4584])+zn([Frequency4585])+zn([Frequency4586])+zn([Frequency4587])+zn([Frequency4588])+zn([Frequency4589])+zn([Frequency4590])+zn([Frequency4591])+zn([Frequency4592])+zn([Frequency4593])+zn([Frequency4594])+zn([Frequency4595])+zn([Frequency4596])+zn([Frequency4597])+zn([Frequency4598])+zn([Frequency4599])+zn([Frequency4600])+zn([Frequency4601])+zn([Frequency4602])+zn([Frequency4603])+zn([Frequency4604])+zn([Frequency4605])+zn([Frequency4606])+zn([Frequency4607])+zn([Frequency4608])+zn([Frequency4609])+zn([Frequency4610])+zn([Frequency4611])+zn([Frequency4612])+zn([Frequency4613])+zn([Frequency4614])+zn([Frequency4615])+zn([Frequency4616])+zn([Frequency4617])+zn([Frequency4618])+zn([Frequency4619])+zn([Frequency4620])+zn([Frequency4621])+zn([Frequency4622])+zn([Frequency4623])+zn([Frequency4624])+zn([Frequency4625])+zn([Frequency4626])+zn([Frequency4627])+zn([Frequency4628])+zn([Frequency4629])+zn([Frequency4630])+zn([Frequency4631])+zn([Frequency4632])+zn([Frequency4633])+zn([Frequency4634])+zn([Frequency4635])+zn([Frequency4636])+zn([Frequency4637])+zn([Frequency4638])+zn([Frequency4639])+zn([Frequency4640])+zn([Frequency4641])+zn([Frequency4642])+zn([Frequency4643])+zn([Frequency4644])+zn([Frequency4645])+zn([Frequency4646])+zn([Frequency4647])+zn([Frequency4648])+zn([Frequency4649])+zn([Frequency4650])+zn([Frequency4651])+zn([Frequency4652])+zn([Frequency4653])+zn([Frequency4654])+zn([Frequency4655])+zn([Frequency4656]))
